x-axis,2
second,Volt
+83.4675000E-03,-61.9067990E-03
+83.4676650E-03,-61.9067990E-03
+83.4678300E-03,-69.2160726E-03
+83.4679950E-03,+3.8766632E-03
+83.4681600E-03,+3.8766633E-03
+83.4683250E-03,+11.1859366E-03
+83.4684900E-03,-69.2160726E-03
+83.4686550E-03,-134.9995354E-03
+83.4688200E-03,+3.8766635E-03
+83.4689850E-03,-61.9067995E-03
+83.4691500E-03,-69.2160726E-03
+83.4693150E-03,-142.3088088E-03
+83.4694800E-03,-76.5253455E-03
+83.4696450E-03,-76.5253454E-03
+83.4698100E-03,-69.2160726E-03
+83.4699750E-03,+69.6601275E-03
+83.4701400E-03,+84.2786731E-03
+83.4703050E-03,-149.6180817E-03
+83.4704700E-03,-69.2160726E-03
+83.4706350E-03,+3.8766641E-03
+83.4708000E-03,-69.2160726E-03
+83.4709650E-03,-76.5253450E-03
+83.4711300E-03,-76.5253450E-03
+83.4712950E-03,-134.9995370E-03
+83.4714600E-03,-3.4326080E-03
+83.4716250E-03,-69.2160726E-03
+83.4717900E-03,-76.5253448E-03
+83.4719550E-03,-142.3088096E-03
+83.4721200E-03,-61.9068005E-03
+83.4722850E-03,-134.9995377E-03
+83.4724500E-03,-61.9068006E-03
+83.4726150E-03,-149.6180817E-03
+83.4727800E-03,-61.9068007E-03
+83.4729450E-03,-76.5253444E-03
+83.4731100E-03,-69.2160726E-03
+83.4732750E-03,+84.2786741E-03
+83.4734400E-03,-61.9068009E-03
+83.4736050E-03,+11.1859366E-03
+83.4737700E-03,-69.2160726E-03
+83.4739350E-03,-69.2160726E-03
+83.4741000E-03,+3.8766652E-03
+83.4742650E-03,-69.2160726E-03
+83.4744300E-03,-142.3088104E-03
+83.4745950E-03,+11.1859366E-03
+83.4747600E-03,+11.1859366E-03
+83.4749250E-03,-69.2160726E-03
+83.4750900E-03,-142.3088106E-03
+83.4752550E-03,+11.1859366E-03
+83.4754200E-03,-69.2160726E-03
+83.4755850E-03,-69.2160726E-03
+83.4757500E-03,-142.3088108E-03
+83.4759150E-03,+3.8766657E-03
+83.4760800E-03,-76.5253434E-03
+83.4762450E-03,-69.2160726E-03
+83.4764100E-03,-69.2160726E-03
+83.4765750E-03,-149.6180817E-03
+83.4767400E-03,+3.8766660E-03
+83.4769050E-03,-149.6180817E-03
+83.4770700E-03,-61.9068020E-03
+83.4772350E-03,+76.9694049E-03
+83.4774000E-03,-134.9995409E-03
+83.4775650E-03,-3.4326041E-03
+83.4777300E-03,-61.9068022E-03
+83.4778950E-03,+11.1859366E-03
+83.4780600E-03,+84.2786756E-03
+83.4782250E-03,-69.2160726E-03
+83.4783900E-03,-69.2160726E-03
+83.4785550E-03,-61.9068025E-03
+83.4787200E-03,+3.8766666E-03
+83.4788850E-03,+3.8766667E-03
+83.4790500E-03,-69.2160726E-03
+83.4792150E-03,-69.2160726E-03
+83.4793800E-03,+11.1859366E-03
+83.4795450E-03,-69.2160726E-03
+83.4797100E-03,+11.1859366E-03
+83.4798750E-03,-69.2160726E-03
+83.4800400E-03,-61.9068030E-03
+83.4802050E-03,-69.2160726E-03
+83.4803700E-03,-10.7418718E-03
+83.4805350E-03,-142.3088123E-03
+83.4807000E-03,-69.2160726E-03
+83.4808650E-03,-127.6902738E-03
+83.4810300E-03,-69.2160726E-03
+83.4811950E-03,-69.2160726E-03
+83.4813600E-03,+3.8766675E-03
+83.4815250E-03,-149.6180817E-03
+83.4816900E-03,-61.9068035E-03
+83.4818550E-03,+3.8766676E-03
+83.4820200E-03,+18.4952056E-03
+83.4821850E-03,-69.2160726E-03
+83.4823500E-03,-69.2160726E-03
+83.4825150E-03,-61.9068038E-03
+83.4826800E-03,-142.3088130E-03
+83.4828450E-03,-61.9068039E-03
+83.4830100E-03,-61.9068039E-03
+83.4831750E-03,-69.2160726E-03
+83.4833400E-03,-76.5253411E-03
+83.4835050E-03,-76.5253410E-03
+83.4836700E-03,+11.1859366E-03
+83.4838350E-03,+3.8766683E-03
+83.4840000E-03,-69.2160726E-03
+83.4841650E-03,-61.9068043E-03
+83.4843300E-03,+3.8766684E-03
+83.4844950E-03,-69.2160726E-03
+83.4846600E-03,-142.3088136E-03
+83.4848250E-03,-149.6180817E-03
+83.4849900E-03,-76.5253406E-03
+83.4851550E-03,-69.2160726E-03
+83.4853200E-03,+11.1859366E-03
+83.4854850E-03,-69.2160726E-03
+83.4856500E-03,-149.6180817E-03
+83.4858150E-03,+11.1859366E-03
+83.4859800E-03,-69.2160726E-03
+83.4861450E-03,+3.8766690E-03
+83.4863100E-03,-69.2160726E-03
+83.4864750E-03,-69.2160726E-03
+83.4866400E-03,+3.8766691E-03
+83.4868050E-03,-134.9995469E-03
+83.4869700E-03,-61.9068052E-03
+83.4871350E-03,+3.8766693E-03
+83.4873000E-03,-142.3088145E-03
+83.4874650E-03,-69.2160726E-03
+83.4876300E-03,-69.2160726E-03
+83.4877950E-03,-69.2160726E-03
+83.4879600E-03,+11.1859366E-03
+83.4881250E-03,-134.9995477E-03
+83.4882900E-03,-3.4325973E-03
+83.4884550E-03,+69.6601451E-03
+83.4886200E-03,-3.4325971E-03
+83.4887850E-03,-54.5975389E-03
+83.4889500E-03,+3.8766699E-03
+83.4891150E-03,-142.3088150E-03
+83.4892800E-03,+3.8766700E-03
+83.4894450E-03,-61.9068060E-03
+83.4896100E-03,-69.2160726E-03
+83.4897750E-03,-134.9995488E-03
+83.4899400E-03,+76.9694129E-03
+83.4901050E-03,-142.3088154E-03
+83.4902700E-03,-69.2160726E-03
+83.4904350E-03,+3.8766703E-03
+83.4906000E-03,-61.9068063E-03
+83.4907650E-03,+11.1859366E-03
+83.4909300E-03,+3.8766705E-03
+83.4910950E-03,+3.8766706E-03
+83.4912600E-03,-61.9068065E-03
+83.4914250E-03,-69.2160726E-03
+83.4915900E-03,-61.9068066E-03
+83.4917550E-03,-3.4325951E-03
+83.4919200E-03,-69.2160726E-03
+83.4920850E-03,-61.9068068E-03
+83.4922500E-03,-69.2160726E-03
+83.4924150E-03,+18.4952023E-03
+83.4925800E-03,-69.2160726E-03
+83.4927450E-03,-69.2160726E-03
+83.4929100E-03,-69.2160726E-03
+83.4930750E-03,-69.2160726E-03
+83.4932400E-03,-142.3088164E-03
+83.4934050E-03,+3.8766713E-03
+83.4935700E-03,+3.8766713E-03
+83.4937350E-03,-149.6180817E-03
+83.4939000E-03,-54.5975422E-03
+83.4940650E-03,+11.1859366E-03
+83.4942300E-03,+3.8766716E-03
+83.4943950E-03,-69.2160726E-03
+83.4945600E-03,+11.1859366E-03
+83.4947250E-03,-61.9068076E-03
+83.4948900E-03,-69.2160726E-03
+83.4950550E-03,+11.1859366E-03
+83.4952200E-03,-76.5253373E-03
+83.4953850E-03,+76.9694164E-03
+83.4955500E-03,+3.8766720E-03
+83.4957150E-03,-69.2160726E-03
+83.4958800E-03,-69.2160726E-03
+83.4960450E-03,-69.2160726E-03
+83.4962100E-03,-3.4325923E-03
+83.4963750E-03,-142.3088173E-03
+83.4965400E-03,-61.9068082E-03
+83.4967050E-03,-149.6180817E-03
+83.4968700E-03,-69.2160726E-03
+83.4970350E-03,-69.2160726E-03
+83.4972000E-03,-76.5253367E-03
+83.4973650E-03,-69.2160726E-03
+83.4975300E-03,-69.2160726E-03
+83.4976950E-03,+3.8766727E-03
+83.4978600E-03,-142.3088178E-03
+83.4980250E-03,+3.8766728E-03
+83.4981900E-03,-142.3088179E-03
+83.4983550E-03,+11.1859366E-03
+83.4985200E-03,-61.9068088E-03
+83.4986850E-03,-76.5253362E-03
+83.4988500E-03,-76.5253362E-03
+83.4990150E-03,-61.9068090E-03
+83.4991800E-03,+11.1859366E-03
+83.4993450E-03,-230.0200909E-03
+83.4995100E-03,-134.9995549E-03
+83.4996750E-03,-61.9068092E-03
+83.4998400E-03,-76.5253359E-03
+83.5000050E-03,+11.1859366E-03
+83.5001700E-03,+442.4330354E-03
+83.5003350E-03,+1.5242055849E+00
+83.5005000E-03,+1.5461333743E+00
+83.5006650E-03,+1.8604321480E+00
+83.5008300E-03,+2.2478236680E+00
+83.5009950E-03,+2.3428442031E+00
+83.5011600E-03,+2.5036482215E+00
+83.5013250E-03,+2.9056582674E+00
+83.5014900E-03,+2.9860602766E+00
+83.5016550E-03,+3.2345755669E+00
+83.5018200E-03,+3.5342558156E+00
+83.5019850E-03,+3.5561836036E+00
+83.5021500E-03,+3.9435751243E+00
+83.5023150E-03,+4.0239771336E+00
+83.5024800E-03,+4.2651831612E+00
+83.5026450E-03,+4.3528944328E+00
+83.5028100E-03,+4.5136984512E+00
+83.5029750E-03,+4.5941004604E+00
+83.5031400E-03,+4.6745024696E+00
+83.5033050E-03,+4.8426157502E+00
+83.5034700E-03,+4.9961105064E+00
+83.5036350E-03,+5.2153887476E+00
+83.5038000E-03,+5.2446257960E+00
+83.5039650E-03,+5.3981205523E+00
+83.5041300E-03,+5.3981205523E+00
+83.5042950E-03,+5.5516153088E+00
+83.5044600E-03,+5.6320173180E+00
+83.5046250E-03,+5.5808523560E+00
+83.5047900E-03,+5.7197285891E+00
+83.5049550E-03,+5.8074398599E+00
+83.5051200E-03,+5.8805326074E+00
+83.5052850E-03,+5.8805326074E+00
+83.5054500E-03,+6.0267181028E+00
+83.5056150E-03,+6.0413366258E+00
+83.5057800E-03,+6.0413366258E+00
+83.5059450E-03,+6.1217386350E+00
+83.5061100E-03,+6.1290478963E+00
+83.5062750E-03,+6.1290478963E+00
+83.5064400E-03,+6.1290478962E+00
+83.5066050E-03,+6.2094499053E+00
+83.5067700E-03,+6.2752333923E+00
+83.5069350E-03,+6.2825426534E+00
+83.5071000E-03,+6.2898519144E+00
+83.5072650E-03,+6.3483261407E+00
+83.5074300E-03,+6.2752333925E+00
+83.5075950E-03,+6.2094499050E+00
+83.5077600E-03,+6.2825426534E+00
+83.5079250E-03,+6.3556354018E+00
+83.5080900E-03,+6.3556354019E+00
+83.5082550E-03,+6.2752333928E+00
+83.5084200E-03,+6.2094499048E+00
+83.5085850E-03,+6.2021406442E+00
+83.5087500E-03,+6.2679241324E+00
+83.5089150E-03,+6.1290478954E+00
+83.5090800E-03,+6.2021406442E+00
+83.5092450E-03,+6.1217386350E+00
+83.5094100E-03,+6.0486458861E+00
+83.5095750E-03,+6.0486458860E+00
+83.5097400E-03,+5.9682438768E+00
+83.5099050E-03,+6.0340273657E+00
+83.5100700E-03,+5.9609346166E+00
+83.5102350E-03,+5.9609346166E+00
+83.5104000E-03,+5.8878418674E+00
+83.5105650E-03,+5.8805326074E+00
+83.5107300E-03,+5.8732233476E+00
+83.5108950E-03,+5.8001305982E+00
+83.5110600E-03,+5.7928213385E+00
+83.5112250E-03,+5.7124193294E+00
+83.5113900E-03,+5.7197285891E+00
+83.5115550E-03,+5.7124193295E+00
+83.5117200E-03,+5.6320173203E+00
+83.5118850E-03,+5.5662338302E+00
+83.5120500E-03,+5.6247080610E+00
+83.5122150E-03,+5.4785225615E+00
+83.5123800E-03,+5.4785225615E+00
+83.5125450E-03,+5.4712133022E+00
+83.5127100E-03,+5.3250278023E+00
+83.5128750E-03,+5.3250278023E+00
+83.5130400E-03,+5.2446257930E+00
+83.5132050E-03,+5.1496052657E+00
+83.5133700E-03,+5.1569145247E+00
+83.5135350E-03,+5.0838217745E+00
+83.5137000E-03,+5.0034197653E+00
+83.5138650E-03,+4.9888012475E+00
+83.5140300E-03,+4.9230177560E+00
+83.5141950E-03,+4.7549044788E+00
+83.5143600E-03,+4.7768322549E+00
+83.5145250E-03,+4.7622137374E+00
+83.5146900E-03,+4.6818117282E+00
+83.5148550E-03,+4.7622137373E+00
+83.5150200E-03,+4.7402859618E+00
+83.5151850E-03,+4.5867912020E+00
+83.5153500E-03,+4.5136984512E+00
+83.5155150E-03,+4.4479149587E+00
+83.5156800E-03,+4.5136984512E+00
+83.5158450E-03,+4.4332964420E+00
+83.5160100E-03,+4.4186779257E+00
+83.5161750E-03,+4.2651831655E+00
+83.5163400E-03,+4.1920904145E+00
+83.5165050E-03,+4.1920904145E+00
+83.5166700E-03,+4.1043791473E+00
+83.5168350E-03,+4.1116884053E+00
+83.5170000E-03,+4.1116884053E+00
+83.5171650E-03,+4.0166678805E+00
+83.5173300E-03,+3.9508843869E+00
+83.5174950E-03,+3.8777916354E+00
+83.5176600E-03,+3.8777916354E+00
+83.5178250E-03,+3.8704823777E+00
+83.5179900E-03,+3.7827711110E+00
+83.5181550E-03,+3.7096783593E+00
+83.5183200E-03,+3.6950598445E+00
+83.5184850E-03,+3.6292763501E+00
+83.5186500E-03,+3.5561835983E+00
+83.5188150E-03,+3.6292763501E+00
+83.5189800E-03,+3.5488743410E+00
+83.5191450E-03,+3.4684723318E+00
+83.5193100E-03,+3.4611630746E+00
+83.5194750E-03,+3.3807610655E+00
+83.5196400E-03,+3.3003590564E+00
+83.5198050E-03,+3.3003590564E+00
+83.5199700E-03,+3.2345755611E+00
+83.5201350E-03,+3.2199570473E+00
+83.5203000E-03,+3.1541735518E+00
+83.5204650E-03,+3.2126477907E+00
+83.5206300E-03,+3.1322457816E+00
+83.5207950E-03,+3.0664622858E+00
+83.5209600E-03,+2.9933695332E+00
+83.5211250E-03,+2.9860602766E+00
+83.5212900E-03,+2.9787510201E+00
+83.5214550E-03,+2.9129675239E+00
+83.5216200E-03,+2.9056582674E+00
+83.5217850E-03,+2.8910397548E+00
+83.5219500E-03,+2.8252562582E+00
+83.5221150E-03,+2.7521635053E+00
+83.5222800E-03,+2.6644522399E+00
+83.5224450E-03,+2.7448542491E+00
+83.5226100E-03,+2.6571429838E+00
+83.5227750E-03,+2.6644522399E+00
+83.5229400E-03,+2.6571429839E+00
+83.5231050E-03,+2.5840502307E+00
+83.5232700E-03,+2.5036482215E+00
+83.5234350E-03,+2.5767409749E+00
+83.5236000E-03,+2.4305554681E+00
+83.5237650E-03,+2.4963389658E+00
+83.5239300E-03,+2.4890297102E+00
+83.5240950E-03,+2.4159369567E+00
+83.5242600E-03,+2.3501534587E+00
+83.5244250E-03,+2.3501534586E+00
+83.5245900E-03,+2.3428442031E+00
+83.5247550E-03,+2.2697514493E+00
+83.5249200E-03,+2.2624421939E+00
+83.5250850E-03,+2.2624421939E+00
+83.5252500E-03,+2.1893494400E+00
+83.5254150E-03,+2.2624421939E+00
+83.5255800E-03,+2.1820401847E+00
+83.5257450E-03,+2.1820401847E+00
+83.5259100E-03,+2.1016381755E+00
+83.5260750E-03,+2.1747309298E+00
+83.5262400E-03,+2.0285454213E+00
+83.5264050E-03,+2.0943289207E+00
+83.5265700E-03,+2.0285454212E+00
+83.5267350E-03,+2.0943289208E+00
+83.5269000E-03,+2.0212361664E+00
+83.5270650E-03,+2.0212361664E+00
+83.5272300E-03,+2.0139269118E+00
+83.5273950E-03,+1.8750506571E+00
+83.5275600E-03,+1.9408341572E+00
+83.5277250E-03,+1.8677414024E+00
+83.5278900E-03,+2.0066176576E+00
+83.5280550E-03,+2.0066176577E+00
+83.5282200E-03,+2.0212361664E+00
+83.5283850E-03,+1.9335249029E+00
+83.5285500E-03,+1.9335249030E+00
+83.5287150E-03,+1.8458136397E+00
+83.5288800E-03,+1.8531228939E+00
+83.5290450E-03,+1.7946486469E+00
+83.5292100E-03,+1.7946486467E+00
+83.5293750E-03,+1.8604321480E+00
+83.5295400E-03,+1.7873393927E+00
+83.5297050E-03,+1.8531228942E+00
+83.5298700E-03,+1.6996281296E+00
+83.5300350E-03,+1.7800301388E+00
+83.5302000E-03,+1.8531228943E+00
+83.5303650E-03,+1.6265353740E+00
+83.5305300E-03,+1.6265353740E+00
+83.5306950E-03,+1.6923188761E+00
+83.5308600E-03,+1.6996281296E+00
+83.5310250E-03,+1.7069373830E+00
+83.5311900E-03,+1.6338446271E+00
+83.5313550E-03,+1.6923188763E+00
+83.5315200E-03,+1.6923188764E+00
+83.5316850E-03,+1.6192261204E+00
+83.5318500E-03,+1.7727208857E+00
+83.5320150E-03,+1.6265353735E+00
+83.5321800E-03,+1.6923188766E+00
+83.5323450E-03,+1.6923188766E+00
+83.5325100E-03,+1.6850096237E+00
+83.5326750E-03,+1.6192261204E+00
+83.5328400E-03,+1.6192261204E+00
+83.5330050E-03,+1.6923188768E+00
+83.5331700E-03,+1.5461333639E+00
+83.5333350E-03,+1.6192261204E+00
+83.5335000E-03,+1.6265353730E+00
+83.5336650E-03,+1.5315148587E+00
+83.5338300E-03,+1.6923188771E+00
+83.5339950E-03,+1.6192261204E+00
+83.5341600E-03,+1.6119168680E+00
+83.5343250E-03,+1.6192261204E+00
+83.5344900E-03,+1.5461333635E+00
+83.5346550E-03,+1.6119168682E+00
+83.5348200E-03,+1.6119168682E+00
+83.5349850E-03,+1.6119168683E+00
+83.5351500E-03,+1.5388241112E+00
+83.5353150E-03,+1.5461333633E+00
+83.5354800E-03,+1.6923188776E+00
+83.5356450E-03,+1.4657313540E+00
+83.5358100E-03,+1.5388241112E+00
+83.5359750E-03,+1.6046076167E+00
+83.5361400E-03,+1.4657313538E+00
+83.5363050E-03,+1.5388241112E+00
+83.5364700E-03,+1.5388241112E+00
+83.5366350E-03,+1.5388241112E+00
+83.5368000E-03,+1.4584221020E+00
+83.5369650E-03,+1.5388241112E+00
+83.5371300E-03,+1.4657313535E+00
+83.5372950E-03,+1.6119168690E+00
+83.5374600E-03,+1.5315148599E+00
+83.5376250E-03,+1.5388241112E+00
+83.5377900E-03,+1.5461333625E+00
+83.5379550E-03,+1.5388241112E+00
+83.5381200E-03,+1.6046076181E+00
+83.5382850E-03,+1.5388241112E+00
+83.5384500E-03,+1.5461333623E+00
+83.5386150E-03,+1.4730406040E+00
+83.5387800E-03,+1.4657313530E+00
+83.5389450E-03,+1.5388241112E+00
+83.5391100E-03,+1.5315148604E+00
+83.5392750E-03,+1.6046076188E+00
+83.5394400E-03,+1.5388241112E+00
+83.5396050E-03,+1.5461333619E+00
+83.5397700E-03,+1.5388241112E+00
+83.5399350E-03,+1.5388241112E+00
+83.5401000E-03,+1.5461333617E+00
+83.5402650E-03,+1.5315148608E+00
+83.5404300E-03,+1.5315148608E+00
+83.5405950E-03,+1.6192261204E+00
+83.5407600E-03,+1.5388241112E+00
+83.5409250E-03,+1.5461333615E+00
+83.5410900E-03,+1.6192261204E+00
+83.5412550E-03,+1.5461333614E+00
+83.5414200E-03,+1.5388241112E+00
+83.5415850E-03,+1.6119168704E+00
+83.5417500E-03,+1.5315148612E+00
+83.5419150E-03,+1.5388241112E+00
+83.5420800E-03,+1.5242056114E+00
+83.5422450E-03,+1.6777003801E+00
+83.5424100E-03,+1.5315148614E+00
+83.5425750E-03,+1.5461333610E+00
+83.5427400E-03,+1.6119168707E+00
+83.5429050E-03,+1.6119168708E+00
+83.5430700E-03,+1.5461333608E+00
+83.5432350E-03,+1.4657313516E+00
+83.5434000E-03,+1.5388241112E+00
+83.5435650E-03,+1.5388241112E+00
+83.5437300E-03,+1.6119168710E+00
+83.5438950E-03,+1.5388241112E+00
+83.5440600E-03,+1.5461333605E+00
+83.5442250E-03,+1.5461333604E+00
+83.5443900E-03,+1.5315148621E+00
+83.5445550E-03,+1.5388241112E+00
+83.5447200E-03,+1.5315148622E+00
+83.5448850E-03,+1.4511128530E+00
+83.5450500E-03,+1.6119168715E+00
+83.5452150E-03,+1.6192261204E+00
+83.5453800E-03,+1.5388241112E+00
+83.5455450E-03,+1.5315148624E+00
+83.5457100E-03,+1.5388241112E+00
+83.5458750E-03,+1.5388241112E+00
+83.5460400E-03,+1.6265353690E+00
+83.5462050E-03,+1.5388241112E+00
+83.5463700E-03,+1.5534426083E+00
+83.5465350E-03,+1.5388241112E+00
+83.5467000E-03,+1.5461333597E+00
+83.5468650E-03,+1.6265353688E+00
+83.5470300E-03,+1.5461333595E+00
+83.5471950E-03,+1.6046076239E+00
+83.5473600E-03,+1.5388241112E+00
+83.5475250E-03,+1.5461333594E+00
+83.5476900E-03,+1.5388241112E+00
+83.5478550E-03,+1.6923188815E+00
+83.5480200E-03,+1.4730405981E+00
+83.5481850E-03,+1.5461333592E+00
+83.5483500E-03,+1.5388241112E+00
+83.5485150E-03,+1.6119168726E+00
+83.5486800E-03,+1.5461333590E+00
+83.5488450E-03,+1.6192261204E+00
+83.5490100E-03,+1.6192261204E+00
+83.5491750E-03,+1.5461333589E+00
+83.5493400E-03,+1.6192261204E+00
+83.5495050E-03,+1.6265353679E+00
+83.5496700E-03,+1.6192261204E+00
+83.5498350E-03,+1.6192261204E+00
+83.5500000E-03,+1.5534426060E+00
+83.5501650E-03,+1.6923188823E+00
+83.5503300E-03,+1.6119168731E+00
+83.5504950E-03,+1.6119168732E+00
+83.5506600E-03,+1.6119168732E+00
+83.5508250E-03,+1.6192261204E+00
+83.5509900E-03,+1.6119168733E+00
+83.5511550E-03,+1.6192261204E+00
+83.5513200E-03,+1.6265353674E+00
+83.5514850E-03,+1.6192261204E+00
+83.5516500E-03,+1.6923188827E+00
+83.5518150E-03,+1.6192261204E+00
+83.5519800E-03,+1.6192261204E+00
+83.5521450E-03,+1.6850096362E+00
+83.5523100E-03,+1.5461333579E+00
+83.5524750E-03,+1.6923188830E+00
+83.5526400E-03,+1.6996281296E+00
+83.5528050E-03,+1.6265353669E+00
+83.5529700E-03,+1.5461333577E+00
+83.5531350E-03,+1.6192261204E+00
+83.5533000E-03,+1.6192261204E+00
+83.5534650E-03,+1.6192261204E+00
+83.5536300E-03,+1.6996281296E+00
+83.5537950E-03,+1.6119168742E+00
+83.5539600E-03,+1.6265353665E+00
+83.5541250E-03,+1.6923188835E+00
+83.5542900E-03,+1.5534426033E+00
+83.5544550E-03,+1.6923188836E+00
+83.5546200E-03,+1.6265353663E+00
+83.5547850E-03,+1.6119168746E+00
+83.5549500E-03,+1.7069373754E+00
+83.5551150E-03,+1.6996281296E+00
+83.5552800E-03,+1.6192261204E+00
+83.5554450E-03,+1.6192261204E+00
+83.5556100E-03,+1.5388241112E+00
+83.5557750E-03,+1.6265353660E+00
+83.5559400E-03,+1.6192261204E+00
+83.5561050E-03,+1.5461333567E+00
+83.5562700E-03,+1.6996281296E+00
+83.5564350E-03,+1.7069373749E+00
+83.5566000E-03,+1.6192261204E+00
+83.5567650E-03,+1.6265353656E+00
+83.5569300E-03,+1.6850096392E+00
+83.5570950E-03,+1.6265353655E+00
+83.5572600E-03,+1.6119168753E+00
+83.5574250E-03,+1.6119168754E+00
+83.5575900E-03,+1.6192261204E+00
+83.5577550E-03,+1.6850096398E+00
+83.5579200E-03,+1.5534426010E+00
+83.5580850E-03,+1.6265353652E+00
+83.5582500E-03,+1.6996281296E+00
+83.5584150E-03,+1.6923188849E+00
+83.5585800E-03,+1.5388241112E+00
+83.5587450E-03,+1.6192261204E+00
+83.5589100E-03,+1.6923188850E+00
+83.5590750E-03,+1.6850096406E+00
+83.5592400E-03,+1.6192261204E+00
+83.5594050E-03,+1.6265353648E+00
+83.5595700E-03,+1.6265353648E+00
+83.5597350E-03,+1.6923188853E+00
+83.5599000E-03,+1.6996281296E+00
+83.5600650E-03,+1.6192261204E+00
+83.5602300E-03,+1.6338446087E+00
+83.5603950E-03,+1.6923188855E+00
+83.5605600E-03,+1.7727208948E+00
+83.5607250E-03,+1.6265353644E+00
+83.5608900E-03,+1.6192261204E+00
+83.5610550E-03,+1.6338446082E+00
+83.5612200E-03,+1.6192261204E+00
+83.5613850E-03,+1.6192261204E+00
+83.5615500E-03,+1.6996281296E+00
+83.5617150E-03,+1.6192261204E+00
+83.5618800E-03,+1.6265353640E+00
+83.5620450E-03,+1.5534425983E+00
+83.5622100E-03,+1.6192261204E+00
+83.5623750E-03,+1.6265353639E+00
+83.5625400E-03,+1.6192261204E+00
+83.5627050E-03,+1.6265353638E+00
+83.5628700E-03,+1.7069373729E+00
+83.5630350E-03,+1.6923188864E+00
+83.5632000E-03,+1.6923188864E+00
+83.5633650E-03,+1.6265353636E+00
+83.5635300E-03,+1.7069373727E+00
+83.5636950E-03,+1.6265353634E+00
+83.5638600E-03,+1.6265353634E+00
+83.5640250E-03,+1.6265353633E+00
+83.5641900E-03,+1.6923188867E+00
+83.5643550E-03,+1.6923188868E+00
+83.5645200E-03,+1.6192261204E+00
+83.5646850E-03,+1.6996281296E+00
+83.5648500E-03,+1.6923188869E+00
+83.5650150E-03,+1.6265353630E+00
+83.5651800E-03,+1.6923188870E+00
+83.5653450E-03,+1.6265353629E+00
+83.5655100E-03,+1.6192261204E+00
+83.5656750E-03,+1.6996281296E+00
+83.5658400E-03,+1.5461333536E+00
+83.5660050E-03,+1.6996281296E+00
+83.5661700E-03,+1.6119168782E+00
+83.5663350E-03,+1.6923188874E+00
+83.5665000E-03,+1.6996281296E+00
+83.5666650E-03,+1.6923188875E+00
+83.5668300E-03,+1.6192261204E+00
+83.5669950E-03,+1.6996281296E+00
+83.5671600E-03,+1.6119168785E+00
+83.5673250E-03,+1.6996281296E+00
+83.5674900E-03,+1.6265353622E+00
+83.5676550E-03,+1.6119168786E+00
+83.5678200E-03,+1.6923188879E+00
+83.5679850E-03,+1.6265353621E+00
+83.5681500E-03,+1.6996281296E+00
+83.5683150E-03,+1.6850096465E+00
+83.5684800E-03,+1.7727208973E+00
+83.5686450E-03,+1.6996281296E+00
+83.5688100E-03,+1.6265353618E+00
+83.5689750E-03,+1.6192261204E+00
+83.5691400E-03,+1.7654116562E+00
+83.5693050E-03,+1.6923188883E+00
+83.5694700E-03,+1.6850096472E+00
+83.5696350E-03,+1.6923188885E+00
+83.5698000E-03,+1.6338446026E+00
+83.5699650E-03,+1.6192261204E+00
+83.5701300E-03,+1.6923188886E+00
+83.5702950E-03,+1.6996281296E+00
+83.5704600E-03,+1.6850096478E+00
+83.5706250E-03,+1.6996281296E+00
+83.5707900E-03,+1.6265353612E+00
+83.5709550E-03,+1.6923188889E+00
+83.5711200E-03,+1.6923188889E+00
+83.5712850E-03,+1.6265353610E+00
+83.5714500E-03,+1.6923188890E+00
+83.5716150E-03,+1.6265353609E+00
+83.5717800E-03,+1.6850096487E+00
+83.5719450E-03,+1.5461333516E+00
+83.5721100E-03,+1.6923188892E+00
+83.5722750E-03,+1.5461333515E+00
+83.5724400E-03,+1.6996281296E+00
+83.5726050E-03,+1.5461333514E+00
+83.5727700E-03,+1.6923188894E+00
+83.5729350E-03,+1.5534425914E+00
+83.5731000E-03,+1.6265353605E+00
+83.5732650E-03,+1.6923188896E+00
+83.5734300E-03,+1.7727208988E+00
+83.5735950E-03,+1.6923188897E+00
+83.5737600E-03,+1.6192261204E+00
+83.5739250E-03,+1.6923188898E+00
+83.5740900E-03,+1.6996281296E+00
+83.5742550E-03,+1.6265353601E+00
+83.5744200E-03,+1.6265353600E+00
+83.5745850E-03,+1.5461333508E+00
+83.5747500E-03,+1.6338445995E+00
+83.5749150E-03,+1.6265353599E+00
+83.5750800E-03,+1.6923188902E+00
+83.5752450E-03,+1.6192261204E+00
+83.5754100E-03,+1.6923188903E+00
+83.5755750E-03,+1.6119168811E+00
+83.5757400E-03,+1.6996281296E+00
+83.5759050E-03,+1.6192261204E+00
+83.5760700E-03,+1.6265353595E+00
+83.5762350E-03,+1.6265353595E+00
+83.5764000E-03,+1.6996281296E+00
+83.5765650E-03,+1.6192261204E+00
+83.5767300E-03,+1.7069373685E+00
+83.5768950E-03,+1.6996281296E+00
+83.5770600E-03,+1.5534425888E+00
+83.5772250E-03,+1.6192261204E+00
+83.5773900E-03,+1.7069373683E+00
+83.5775550E-03,+1.6192261204E+00
+83.5777200E-03,+1.6996281296E+00
+83.5778850E-03,+1.7069373681E+00
+83.5780500E-03,+1.6923188911E+00
+83.5782150E-03,+1.6338445973E+00
+83.5783800E-03,+1.6265353588E+00
+83.5785450E-03,+1.6192261204E+00
+83.5787100E-03,+1.6192261204E+00
+83.5788750E-03,+1.6192261204E+00
+83.5790400E-03,+1.6192261204E+00
+83.5792050E-03,+1.5461333493E+00
+83.5793700E-03,+1.6923188915E+00
+83.5795350E-03,+1.6996281296E+00
+83.5797000E-03,+1.6192261204E+00
+83.5798650E-03,+1.6265353583E+00
+83.5800300E-03,+1.6192261204E+00
+83.5801950E-03,+1.6265353582E+00
+83.5803600E-03,+1.6923188919E+00
+83.5805250E-03,+1.6996281296E+00
+83.5806900E-03,+1.6265353581E+00
+83.5808550E-03,+1.6338445956E+00
+83.5810200E-03,+1.6338445955E+00
+83.5811850E-03,+1.6265353579E+00
+83.5813500E-03,+1.6923188922E+00
+83.5815150E-03,+1.6192261204E+00
+83.5816800E-03,+1.6923188923E+00
+83.5818450E-03,+1.6192261204E+00
+83.5820100E-03,+1.6923188924E+00
+83.5821750E-03,+1.6265353576E+00
+83.5823400E-03,+1.6996281296E+00
+83.5825050E-03,+1.6192261204E+00
+83.5826700E-03,+1.6923188926E+00
+83.5828350E-03,+1.6265353574E+00
+83.5830000E-03,+1.6192261204E+00
+83.5831650E-03,+1.6923188927E+00
+83.5833300E-03,+1.6996281296E+00
+83.5834950E-03,+1.6923188929E+00
+83.5836600E-03,+1.6192261204E+00
+83.5838250E-03,+1.7654116655E+00
+83.5839900E-03,+1.6923188930E+00
+83.5841550E-03,+1.6192261204E+00
+83.5843200E-03,+1.6923188931E+00
+83.5844850E-03,+1.6265353568E+00
+83.5846500E-03,+1.6996281296E+00
+83.5848150E-03,+1.6923188933E+00
+83.5849800E-03,+1.6192261204E+00
+83.5851450E-03,+1.6996281296E+00
+83.5853100E-03,+1.6923188934E+00
+83.5854750E-03,+1.6192261204E+00
+83.5856400E-03,+1.6996281296E+00
+83.5858050E-03,+1.5461333472E+00
+83.5859700E-03,+1.5388241112E+00
+83.5861350E-03,+1.6192261204E+00
+83.5863000E-03,+1.6850096579E+00
+83.5864650E-03,+1.6923188938E+00
+83.5866300E-03,+1.6192261204E+00
+83.5867950E-03,+1.6265353561E+00
+83.5869600E-03,+1.5388241112E+00
+83.5871250E-03,+1.6996281296E+00
+83.5872900E-03,+1.6192261204E+00
+83.5874550E-03,+1.6996281296E+00
+83.5876200E-03,+1.6996281296E+00
+83.5877850E-03,+1.6265353558E+00
+83.5879500E-03,+1.6996281296E+00
+83.5881150E-03,+1.6265353557E+00
+83.5882800E-03,+1.6192261204E+00
+83.5884450E-03,+1.6265353556E+00
+83.5886100E-03,+1.6923188945E+00
+83.5887750E-03,+1.7069373647E+00
+83.5889400E-03,+1.6192261204E+00
+83.5891050E-03,+1.6923188946E+00
+83.5892700E-03,+1.6996281296E+00
+83.5894350E-03,+1.6996281296E+00
+83.5896000E-03,+1.6923188948E+00
+83.5897650E-03,+1.6265353552E+00
+83.5899300E-03,+1.6996281296E+00
+83.5900950E-03,+1.6996281296E+00
+83.5902600E-03,+1.6923188950E+00
+83.5904250E-03,+1.6192261204E+00
+83.5905900E-03,+1.6192261204E+00
+83.5907550E-03,+1.6192261204E+00
+83.5909200E-03,+1.6850096608E+00
+83.5910850E-03,+1.6192261204E+00
+83.5912500E-03,+1.6192261204E+00
+83.5914150E-03,+1.6996281296E+00
+83.5915800E-03,+1.6996281296E+00
+83.5917450E-03,+1.6338445887E+00
+83.5919100E-03,+1.5461333453E+00
+83.5920750E-03,+1.7069373636E+00
+83.5922400E-03,+1.6923188956E+00
+83.5924050E-03,+1.6119168865E+00
+83.5925700E-03,+1.5534425790E+00
+83.5927350E-03,+1.6996281296E+00
+83.5929000E-03,+1.6265353542E+00
+83.5930650E-03,+1.6923188959E+00
+83.5932300E-03,+1.6192261204E+00
+83.5933950E-03,+1.6265353540E+00
+83.5935600E-03,+1.6996281296E+00
+83.5937250E-03,+1.6923188961E+00
+83.5938900E-03,+1.6192261204E+00
+83.5940550E-03,+1.5534425780E+00
+83.5942200E-03,+1.6923188963E+00
+83.5943850E-03,+1.6265353537E+00
+83.5945500E-03,+1.7069373628E+00
+83.5947150E-03,+1.5461333444E+00
+83.5948800E-03,+1.6996281296E+00
+83.5950450E-03,+1.6923188965E+00
+83.5952100E-03,+1.6192261204E+00
+83.5953750E-03,+1.6192261204E+00
+83.5955400E-03,+1.6119168875E+00
+83.5957050E-03,+1.7069373625E+00
+83.5958700E-03,+1.6265353532E+00
+83.5960350E-03,+1.7727209060E+00
+83.5962000E-03,+1.6119168877E+00
+83.5963650E-03,+1.6265353531E+00
+83.5965300E-03,+1.6265353530E+00
+83.5966950E-03,+1.6850096645E+00
+83.5968600E-03,+1.6996281296E+00
+83.5970250E-03,+1.6265353529E+00
+83.5971900E-03,+1.6338445852E+00
+83.5973550E-03,+1.6192261204E+00
+83.5975200E-03,+1.6923188973E+00
+83.5976850E-03,+1.6996281296E+00
+83.5978500E-03,+1.6265353526E+00
+83.5980150E-03,+1.7654116745E+00
+83.5981800E-03,+1.6923188975E+00
+83.5983450E-03,+1.6996281296E+00
+83.5985100E-03,+1.6923188976E+00
+83.5986750E-03,+1.6265353523E+00
+83.5988400E-03,+1.6923188977E+00
+83.5990050E-03,+1.6996281296E+00
+83.5991700E-03,+1.6996281296E+00
+83.5993350E-03,+1.6192261204E+00
+83.5995000E-03,+1.7581024438E+00
+83.5996650E-03,+1.5534425745E+00
+83.5998300E-03,+1.6996281296E+00
+83.5999950E-03,+1.6192261204E+00
+83.6001600E-03,+1.6265353519E+00
+83.6003250E-03,+749.4224822E-03
+83.6004900E-03,+493.5979918E-03
+83.6006550E-03,+91.5879458E-03
+83.6008200E-03,-230.0200909E-03
+83.6009850E-03,-405.4425717E-03
+83.6011500E-03,-705.1229149E-03
+83.6013150E-03,-880.5453955E-03
+83.6014800E-03,-1.2021534323E+00
+83.6016450E-03,-1.4360502288E+00
+83.6018100E-03,-1.6699470254E+00
+83.6019750E-03,-1.9111530530E+00
+83.6021400E-03,-1.9184622839E+00
+83.6023050E-03,-2.2473795514E+00
+83.6024700E-03,-2.4008743390E+00
+83.6026350E-03,-2.5836060495E+00
+83.6028000E-03,-2.7882659237E+00
+83.6029650E-03,-2.8101936156E+00
+83.6031300E-03,-3.0440904126E+00
+83.6032950E-03,-3.1244924217E+00
+83.6034600E-03,-3.3510799885E+00
+83.6036250E-03,-3.4314819978E+00
+83.6037900E-03,-3.5265024677E+00
+83.6039550E-03,-3.6069044769E+00
+83.6041200E-03,-3.6873064861E+00
+83.6042850E-03,-3.7603992651E+00
+83.6044500E-03,-3.9285125136E+00
+83.6046150E-03,-3.9504402038E+00
+83.6047800E-03,-4.0235329828E+00
+83.6049450E-03,-4.1697185412E+00
+83.6051100E-03,-4.0893165320E+00
+83.6052750E-03,-4.2574297802E+00
+83.6054400E-03,-4.2647390100E+00
+83.6056050E-03,-4.3305225596E+00
+83.6057700E-03,-4.3378317893E+00
+83.6059350E-03,-4.4182337984E+00
+83.6061000E-03,-4.4109245688E+00
+83.6062650E-03,-4.5790378167E+00
+83.6064300E-03,-4.5790378166E+00
+83.6065950E-03,-4.5644193577E+00
+83.6067600E-03,-4.6521305963E+00
+83.6069250E-03,-4.6594398257E+00
+83.6070900E-03,-4.6521305963E+00
+83.6072550E-03,-4.7252233763E+00
+83.6074200E-03,-4.5863470455E+00
+83.6075850E-03,-4.6594398254E+00
+83.6077500E-03,-4.7325326055E+00
+83.6079150E-03,-4.7252233765E+00
+83.6080800E-03,-4.6594398253E+00
+83.6082450E-03,-4.6521305963E+00
+83.6084100E-03,-4.5059450356E+00
+83.6085750E-03,-4.7325326055E+00
+83.6087400E-03,-4.6448213676E+00
+83.6089050E-03,-4.5059450353E+00
+83.6090700E-03,-4.6521305963E+00
+83.6092350E-03,-4.4986358065E+00
+83.6094000E-03,-4.4913265780E+00
+83.6095650E-03,-4.5644193587E+00
+83.6097300E-03,-4.4182337972E+00
+83.6098950E-03,-4.4109245688E+00
+83.6100600E-03,-4.4182337971E+00
+83.6102250E-03,-4.3963061122E+00
+83.6103900E-03,-4.4109245688E+00
+83.6105550E-03,-4.3451410159E+00
+83.6107200E-03,-4.2501205504E+00
+83.6108850E-03,-4.2428113223E+00
+83.6110500E-03,-4.2428113224E+00
+83.6112150E-03,-4.1697185412E+00
+83.6113800E-03,-4.0893165320E+00
+83.6115450E-03,-4.0893165320E+00
+83.6117100E-03,-4.0089145228E+00
+83.6118750E-03,-4.0089145228E+00
+83.6120400E-03,-3.9358217413E+00
+83.6122050E-03,-3.8554197321E+00
+83.6123700E-03,-3.9212032861E+00
+83.6125350E-03,-3.8408012769E+00
+83.6127000E-03,-3.7677084953E+00
+83.6128650E-03,-3.6873064861E+00
+83.6130300E-03,-3.6799972587E+00
+83.6131950E-03,-3.6069044769E+00
+83.6133600E-03,-3.5338116950E+00
+83.6135250E-03,-3.5922860224E+00
+83.6136900E-03,-3.5191932405E+00
+83.6138550E-03,-3.4461004585E+00
+83.6140200E-03,-3.4387912314E+00
+83.6141850E-03,-3.2195128850E+00
+83.6143500E-03,-3.2852964401E+00
+83.6145150E-03,-3.2852964401E+00
+83.6146800E-03,-3.2706779864E+00
+83.6148450E-03,-3.1975852041E+00
+83.6150100E-03,-3.0513996393E+00
+83.6151750E-03,-3.1171831950E+00
+83.6153400E-03,-3.0367811859E+00
+83.6155050E-03,-2.8832863942E+00
+83.6156700E-03,-2.9563791768E+00
+83.6158350E-03,-2.9563791769E+00
+83.6160000E-03,-2.8028843850E+00
+83.6161650E-03,-2.7955751586E+00
+83.6163300E-03,-2.8028843850E+00
+83.6164950E-03,-2.6420803666E+00
+83.6166600E-03,-2.5689875836E+00
+83.6168250E-03,-2.5616783574E+00
+83.6169900E-03,-2.4008743390E+00
+83.6171550E-03,-2.4812763482E+00
+83.6173200E-03,-2.4081835651E+00
+83.6174850E-03,-2.3862558871E+00
+83.6176500E-03,-2.2546887725E+00
+83.6178150E-03,-2.2400703207E+00
+83.6179800E-03,-2.2327610949E+00
+83.6181450E-03,-2.0865755280E+00
+83.6183100E-03,-2.0792663023E+00
+83.6184750E-03,-2.0792663023E+00
+83.6186400E-03,-2.0134827443E+00
+83.6188050E-03,-1.9915550676E+00
+83.6189700E-03,-1.9257715094E+00
+83.6191350E-03,-1.9842458422E+00
+83.6193000E-03,-1.8380602747E+00
+83.6194650E-03,-1.8307510494E+00
+83.6196300E-03,-1.9111530586E+00
+83.6197950E-03,-1.6187819228E+00
+83.6199600E-03,-1.6772562563E+00
+83.6201250E-03,-1.7503490404E+00
+83.6202900E-03,-1.5968542472E+00
+83.6204550E-03,-1.5968542472E+00
+83.6206200E-03,-1.5164522380E+00
+83.6207850E-03,-1.5164522380E+00
+83.6209500E-03,-1.4433594536E+00
+83.6211150E-03,-1.3629574444E+00
+83.6212800E-03,-1.4287410040E+00
+83.6214450E-03,-1.3556482196E+00
+83.6216100E-03,-1.3556482196E+00
+83.6217750E-03,-1.4287410042E+00
+83.6219400E-03,-1.3483389950E+00
+83.6221050E-03,-1.2679369859E+00
+83.6222700E-03,-1.1948442012E+00
+83.6224350E-03,-1.1217514164E+00
+83.6226000E-03,-1.1144421920E+00
+83.6227650E-03,-1.0413494071E+00
+83.6229300E-03,-1.0413494071E+00
+83.6230950E-03,-1.1071329678E+00
+83.6232600E-03,-1.0340401828E+00
+83.6234250E-03,-1.0194217347E+00
+83.6235900E-03,-873.2361645E-03
+83.6237550E-03,-873.2361645E-03
+83.6239200E-03,-946.3289497E-03
+83.6240850E-03,-865.9269406E-03
+83.6242500E-03,-865.9269406E-03
+83.6244150E-03,-873.2361645E-03
+83.6245800E-03,-785.5249315E-03
+83.6247450E-03,-712.4321461E-03
+83.6249100E-03,-712.4321461E-03
+83.6250750E-03,-785.5249317E-03
+83.6252400E-03,-712.4321461E-03
+83.6254050E-03,-705.1229226E-03
+83.6255700E-03,-712.4321461E-03
+83.6257350E-03,-632.0301369E-03
+83.6259000E-03,-632.0301369E-03
+83.6260650E-03,-478.5353417E-03
+83.6262300E-03,-544.3189045E-03
+83.6263950E-03,-471.2261185E-03
+83.6265600E-03,-544.3189046E-03
+83.6267250E-03,-471.2261185E-03
+83.6268900E-03,-478.5353415E-03
+83.6270550E-03,-463.9168956E-03
+83.6272200E-03,-390.8241093E-03
+83.6273850E-03,-398.1333321E-03
+83.6275500E-03,-398.1333321E-03
+83.6277150E-03,-383.5148866E-03
+83.6278800E-03,-310.4221001E-03
+83.6280450E-03,-398.1333319E-03
+83.6282100E-03,-390.8241093E-03
+83.6283750E-03,-317.7313226E-03
+83.6285400E-03,-317.7313226E-03
+83.6287050E-03,-310.4221001E-03
+83.6288700E-03,-237.3293133E-03
+83.6290350E-03,-295.8036555E-03
+83.6292000E-03,-295.8036556E-03
+83.6293650E-03,-310.4221001E-03
+83.6295300E-03,-237.3293131E-03
+83.6296950E-03,-237.3293130E-03
+83.6298600E-03,-230.0200909E-03
+83.6300250E-03,-230.0200909E-03
+83.6301900E-03,-149.6180817E-03
+83.6303550E-03,-295.8036564E-03
+83.6305200E-03,-222.7108691E-03
+83.6306850E-03,-215.4016474E-03
+83.6308500E-03,-222.7108692E-03
+83.6310150E-03,-149.6180817E-03
+83.6311800E-03,-149.6180817E-03
+83.6313450E-03,-76.5252941E-03
+83.6315100E-03,-76.5252941E-03
+83.6316750E-03,-69.2160726E-03
+83.6318400E-03,-69.2160726E-03
+83.6320050E-03,-61.9068512E-03
+83.6321700E-03,-76.5252939E-03
+83.6323350E-03,-134.9996392E-03
+83.6325000E-03,+3.8767154E-03
+83.6326650E-03,-69.2160726E-03
+83.6328300E-03,+11.1859366E-03
+83.6329950E-03,+11.1859366E-03
+83.6331600E-03,-142.3088608E-03
+83.6333250E-03,+3.8767157E-03
+83.6334900E-03,+11.1859366E-03
+83.6336550E-03,-69.2160726E-03
+83.6338200E-03,+11.1859366E-03
+83.6339850E-03,+3.8767159E-03
+83.6341500E-03,+3.8767160E-03
+83.6343150E-03,+11.1859366E-03
+83.6344800E-03,+11.1859366E-03
+83.6346450E-03,+18.4951571E-03
+83.6348100E-03,+11.1859366E-03
+83.6349750E-03,+91.5879458E-03
+83.6351400E-03,-54.5976318E-03
+83.6353050E-03,-54.5976319E-03
+83.6354700E-03,-61.9068523E-03
+83.6356350E-03,+84.2787256E-03
+83.6358000E-03,+91.5879458E-03
+83.6359650E-03,+3.8767165E-03
+83.6361300E-03,+18.4951567E-03
+83.6362950E-03,+11.1859366E-03
+83.6364600E-03,+3.8767167E-03
+83.6366250E-03,+18.4951565E-03
+83.6367900E-03,+11.1859366E-03
+83.6369550E-03,+11.1859366E-03
+83.6371200E-03,+98.8971656E-03
+83.6372850E-03,+11.1859366E-03
+83.6374500E-03,+11.1859366E-03
+83.6376150E-03,+11.1859366E-03
+83.6377800E-03,+18.4951562E-03
+83.6379450E-03,+3.8767172E-03
+83.6381100E-03,+11.1859366E-03
+83.6382750E-03,+106.2063846E-03
+83.6384400E-03,+11.1859366E-03
+83.6386050E-03,+18.4951559E-03
+83.6387700E-03,+25.8043750E-03
+83.6389350E-03,-54.5976342E-03
+83.6391000E-03,+84.2787267E-03
+83.6392650E-03,+84.2787268E-03
+83.6394300E-03,+91.5879458E-03
+83.6395950E-03,+91.5879458E-03
+83.6397600E-03,+84.2787269E-03
+83.6399250E-03,+164.6807362E-03
+83.6400900E-03,+11.1859366E-03
+83.6402550E-03,+157.3715175E-03
+83.6404200E-03,-61.9068539E-03
+83.6405850E-03,+18.4951553E-03
+83.6407500E-03,+18.4951552E-03
+83.6409150E-03,+84.2787273E-03
+83.6410800E-03,+18.4951551E-03
+83.6412450E-03,-54.5976357E-03
+83.6414100E-03,+91.5879458E-03
+83.6415750E-03,+11.1859366E-03
+83.6417400E-03,+164.6807367E-03
+83.6419050E-03,+91.5879458E-03
+83.6420700E-03,+84.2787277E-03
+83.6422350E-03,-61.9068544E-03
+83.6424000E-03,+84.2787278E-03
+83.6425650E-03,+91.5879458E-03
+83.6427300E-03,+84.2787279E-03
+83.6428950E-03,+76.9695100E-03
+83.6430600E-03,+84.2787280E-03
+83.6432250E-03,+11.1859366E-03
+83.6433900E-03,+18.4951544E-03
+83.6435550E-03,+84.2787281E-03
+83.6437200E-03,+11.1859366E-03
+83.6438850E-03,+11.1859366E-03
+83.6440500E-03,+84.2787283E-03
+83.6442150E-03,+164.6807375E-03
+83.6443800E-03,+18.4951541E-03
+83.6445450E-03,+11.1859366E-03
+83.6447100E-03,+91.5879458E-03
+83.6448750E-03,+76.9695113E-03
+83.6450400E-03,+84.2787286E-03
+83.6452050E-03,+11.1859366E-03
+83.6453700E-03,+3.8767195E-03
+83.6455350E-03,+91.5879458E-03
+83.6457000E-03,+84.2787288E-03
+83.6458650E-03,+3.8767197E-03
+83.6460300E-03,+98.8971627E-03
+83.6461950E-03,+76.9695121E-03
+83.6463600E-03,+3.8767198E-03
+83.6465250E-03,-47.2884223E-03
+83.6466900E-03,+157.3715216E-03
+83.6468550E-03,+3.8767200E-03
+83.6470200E-03,+91.5879458E-03
+83.6471850E-03,+11.1859366E-03
+83.6473500E-03,+18.4951531E-03
+83.6475150E-03,+11.1859366E-03
+83.6476800E-03,+11.1859366E-03
+83.6478450E-03,+11.1859366E-03
+83.6480100E-03,+11.1859366E-03
+83.6481750E-03,+84.2787296E-03
+83.6483400E-03,-61.9068564E-03
+83.6485050E-03,-54.5976403E-03
+83.6486700E-03,+84.2787298E-03
+83.6488350E-03,+11.1859366E-03
+83.6490000E-03,+18.4951526E-03
+83.6491650E-03,+84.2787299E-03
+83.6493300E-03,-61.9068567E-03
+83.6494950E-03,+84.2787300E-03
+83.6496600E-03,-61.9068568E-03
+83.6498250E-03,+11.1859366E-03
+83.6499900E-03,+11.1859366E-03
+83.6501550E-03,+11.1859366E-03
+83.6503200E-03,-127.6904351E-03
+83.6504850E-03,+11.1859366E-03
+83.6506500E-03,+84.2787304E-03
+83.6508150E-03,+11.1859366E-03
+83.6509800E-03,-61.9068572E-03
+83.6511450E-03,-61.9068573E-03
+83.6513100E-03,+11.1859366E-03
+83.6514750E-03,-61.9068574E-03
+83.6516400E-03,-69.2160726E-03
+83.6518050E-03,+84.2787307E-03
+83.6519700E-03,-127.6904367E-03
+83.6521350E-03,+11.1859366E-03
+83.6523000E-03,+11.1859366E-03
+83.6524650E-03,+11.1859366E-03
+83.6526300E-03,-76.5252874E-03
+83.6527950E-03,+11.1859366E-03
+83.6529600E-03,-69.2160726E-03
+83.6531250E-03,-3.4324927E-03
+83.6532900E-03,+11.1859366E-03
+83.6534550E-03,-61.9068580E-03
+83.6536200E-03,+11.1859366E-03
+83.6537850E-03,-69.2160726E-03
+83.6539500E-03,-142.3088674E-03
+83.6541150E-03,+11.1859366E-03
+83.6542800E-03,-134.9996532E-03
+83.6544450E-03,-61.9068583E-03
+83.6546100E-03,+3.8767224E-03
+83.6547750E-03,-69.2160726E-03
+83.6549400E-03,+3.8767226E-03
+83.6551050E-03,+11.1859366E-03
+83.6552700E-03,+11.1859366E-03
+83.6554350E-03,-69.2160726E-03
+83.6556000E-03,-61.9068587E-03
+83.6557650E-03,+3.8767228E-03
+83.6559300E-03,+11.1859366E-03
+83.6560950E-03,-54.5976451E-03
+83.6562600E-03,-69.2160726E-03
+83.6564250E-03,-61.9068590E-03
+83.6565900E-03,+11.1859366E-03
+83.6567550E-03,+11.1859366E-03
+83.6569200E-03,+3.8767232E-03
+83.6570850E-03,+3.8767232E-03
+83.6572500E-03,-69.2160726E-03
+83.6574150E-03,+11.1859366E-03
+83.6575800E-03,+11.1859366E-03
+83.6577450E-03,-61.9068594E-03
+83.6579100E-03,+11.1859366E-03
+83.6580750E-03,+3.8767235E-03
+83.6582400E-03,+11.1859366E-03
+83.6584050E-03,+3.8767237E-03
+83.6585700E-03,-61.9068596E-03
+83.6587350E-03,-54.5976468E-03
+83.6589000E-03,+69.6603074E-03
+83.6590650E-03,-61.9068598E-03
+83.6592300E-03,+84.2787331E-03
+83.6593950E-03,+3.8767240E-03
+83.6595600E-03,-142.3088691E-03
+83.6597250E-03,-134.9996566E-03
+83.6598900E-03,-54.5976475E-03
+83.6600550E-03,-134.9996568E-03
+83.6602200E-03,+3.8767242E-03
+83.6603850E-03,-134.9996570E-03
+83.6605500E-03,-142.3088695E-03
+83.6607150E-03,-69.2160726E-03
+83.6608800E-03,-61.9068604E-03
+83.6610450E-03,-76.5252847E-03
+83.6612100E-03,-69.2160726E-03
+83.6613750E-03,+11.1859366E-03
+83.6615400E-03,+76.9695219E-03
+83.6617050E-03,-142.3088698E-03
+83.6618700E-03,+18.4951485E-03
+83.6620350E-03,-61.9068607E-03
+83.6622000E-03,-61.9068608E-03
+83.6623650E-03,-69.2160726E-03
+83.6625300E-03,+3.8767250E-03
+83.6626950E-03,-3.4324866E-03
+83.6628600E-03,-142.3088702E-03
+83.6630250E-03,+11.1859366E-03
+83.6631900E-03,-76.5252840E-03
+83.6633550E-03,+3.8767252E-03
+83.6635200E-03,+3.8767253E-03
+83.6636850E-03,-3.4324860E-03
+83.6638500E-03,+11.1859366E-03
+83.6640150E-03,+11.1859366E-03
+83.6641800E-03,+3.8767255E-03
+83.6643450E-03,+11.1859366E-03
+83.6645100E-03,-61.9068615E-03
+83.6646750E-03,-69.2160726E-03
+83.6648400E-03,-69.2160726E-03
+83.6650050E-03,-76.5252834E-03
+83.6651700E-03,-3.4324850E-03
+83.6653350E-03,-69.2160726E-03
+83.6655000E-03,-61.9068618E-03
+83.6656650E-03,-69.2160726E-03
+83.6658300E-03,-76.5252832E-03
+83.6659950E-03,-69.2160726E-03
+83.6661600E-03,-61.9068620E-03
+83.6663250E-03,-61.9068621E-03
+83.6664900E-03,-10.7416946E-03
+83.6666550E-03,-69.2160726E-03
+83.6668200E-03,+3.8767263E-03
+83.6669850E-03,-69.2160726E-03
+83.6671500E-03,+11.1859366E-03
+83.6673150E-03,-76.5252827E-03
+83.6674800E-03,-69.2160726E-03
+83.6676450E-03,+11.1859366E-03
+83.6678100E-03,-69.2160726E-03
+83.6679750E-03,-61.9068626E-03
+83.6681400E-03,-69.2160726E-03
+83.6683050E-03,-69.2160726E-03
+83.6684700E-03,-61.9068628E-03
+83.6686350E-03,-3.4324828E-03
+83.6688000E-03,-76.5252822E-03
+83.6689650E-03,-142.3088721E-03
+83.6691300E-03,+3.8767271E-03
+83.6692950E-03,-69.2160726E-03
+83.6694600E-03,+11.1859366E-03
+83.6696250E-03,-142.3088723E-03
+83.6697900E-03,-61.9068632E-03
+83.6699550E-03,-61.9068632E-03
+83.6701200E-03,+11.1859366E-03
+83.6702850E-03,-61.9068634E-03
+83.6704500E-03,-61.9068634E-03
+83.6706150E-03,-142.3088726E-03
+83.6707800E-03,-76.5252816E-03
+83.6709450E-03,-76.5252816E-03
+83.6711100E-03,-69.2160726E-03
+83.6712750E-03,-76.5252815E-03
+83.6714400E-03,-127.6904552E-03
+83.6716050E-03,-69.2160726E-03
+83.6717700E-03,+11.1859366E-03
+83.6719350E-03,+11.1859366E-03
+83.6721000E-03,+11.1859366E-03
+83.6722650E-03,-149.6180817E-03
+83.6724300E-03,-61.9068640E-03
+83.6725950E-03,-76.5252810E-03
+83.6727600E-03,+3.8767282E-03
+83.6729250E-03,+3.8767283E-03
+83.6730900E-03,+3.8767283E-03
+83.6732550E-03,-61.9068643E-03
+83.6734200E-03,-69.2160726E-03
+83.6735850E-03,+3.8767285E-03
+83.6737500E-03,-142.3088736E-03
+83.6739150E-03,-61.9068645E-03
+83.6740800E-03,-69.2160726E-03
+83.6742450E-03,-69.2160726E-03
+83.6744100E-03,-69.2160726E-03
+83.6745750E-03,+3.8767288E-03
+83.6747400E-03,-149.6180817E-03
+83.6749050E-03,-69.2160726E-03
+83.6750700E-03,-69.2160726E-03
+83.6752350E-03,-142.3088741E-03
+83.6754000E-03,+11.1859366E-03
+83.6755650E-03,-69.2160726E-03
+83.6757300E-03,+3.8767291E-03
+83.6758950E-03,-54.5976577E-03
+83.6760600E-03,+76.9695311E-03
+83.6762250E-03,-3.4324780E-03
+83.6763900E-03,-61.9068653E-03
+83.6765550E-03,-76.5252798E-03
+83.6767200E-03,-61.9068654E-03
+83.6768850E-03,-142.3088746E-03
+83.6770500E-03,-69.2160726E-03
+83.6772150E-03,-69.2160726E-03
+83.6773800E-03,-69.2160726E-03
+83.6775450E-03,+18.4951435E-03
+83.6777100E-03,-61.9068657E-03
+83.6778750E-03,-61.9068658E-03
+83.6780400E-03,-61.9068658E-03
+83.6782050E-03,-69.2160726E-03
+83.6783700E-03,-61.9068659E-03
+83.6785350E-03,-142.3088752E-03
+83.6787000E-03,-76.5252791E-03
+83.6788650E-03,-142.3088753E-03
+83.6790300E-03,-134.9996689E-03
+83.6791950E-03,-3.4324761E-03
+83.6793600E-03,-142.3088754E-03
+83.6795250E-03,-61.9068663E-03
+83.6796900E-03,+3.8767304E-03
+83.6798550E-03,-61.9068664E-03
+83.6800200E-03,-61.9068664E-03
+83.6801850E-03,+3.8767306E-03
+83.6803500E-03,-61.9068665E-03
+83.6805150E-03,+11.1859366E-03
+83.6806800E-03,-54.5976607E-03
+83.6808450E-03,-69.2160726E-03
+83.6810100E-03,-3.4324750E-03
+83.6811750E-03,-69.2160726E-03
+83.6813400E-03,-69.2160726E-03
+83.6815050E-03,+3.8767310E-03
+83.6816700E-03,-69.2160726E-03
+83.6818350E-03,-134.9996707E-03
+83.6820000E-03,-3.4324743E-03
+83.6821650E-03,+3.8767312E-03
+83.6823300E-03,+11.1859366E-03
+83.6824950E-03,+11.1859366E-03
+83.6826600E-03,+3.8767313E-03
+83.6828250E-03,-76.5252778E-03
+83.6829900E-03,-69.2160726E-03
+83.6831550E-03,-69.2160726E-03
+83.6833200E-03,+3.8767316E-03
+83.6834850E-03,-69.2160726E-03
+83.6836500E-03,-61.9068676E-03
+83.6838150E-03,-134.9996719E-03
+83.6839800E-03,-142.3088769E-03
+83.6841450E-03,-3.4324730E-03
+83.6843100E-03,-149.6180817E-03
+83.6844750E-03,+3.8767319E-03
+83.6846400E-03,-69.2160726E-03
+83.6848050E-03,+84.2787412E-03
+83.6849700E-03,-61.9068680E-03
+83.6851350E-03,-142.3088773E-03
+83.6853000E-03,+11.1859366E-03
+83.6854650E-03,-69.2160726E-03
+83.6856300E-03,-76.5252769E-03
+83.6857950E-03,-69.2160726E-03
+83.6859600E-03,-208.0924782E-03
+83.6861250E-03,-149.6180817E-03
+83.6862900E-03,+11.1859366E-03
+83.6864550E-03,+3.8767326E-03
+83.6866200E-03,-69.2160726E-03
+83.6867850E-03,+3.8767327E-03
+83.6869500E-03,-134.9996739E-03
+83.6871150E-03,-69.2160726E-03
+83.6872800E-03,+11.1859366E-03
+83.6874450E-03,+3.8767329E-03
+83.6876100E-03,-69.2160726E-03
+83.6877750E-03,-69.2160726E-03
+83.6879400E-03,-142.3088781E-03
+83.6881050E-03,-61.9068690E-03
+83.6882700E-03,-142.3088782E-03
+83.6884350E-03,+3.8767332E-03
+83.6886000E-03,-61.9068692E-03
+83.6887650E-03,-69.2160726E-03
+83.6889300E-03,-61.9068693E-03
+83.6890950E-03,-69.2160726E-03
+83.6892600E-03,+3.8767334E-03
+83.6894250E-03,+3.8767335E-03
+83.6895900E-03,-54.5976664E-03
+83.6897550E-03,-61.9068695E-03
+83.6899200E-03,-61.9068696E-03
+83.6900850E-03,+3.8767337E-03
+83.6902500E-03,-134.9996760E-03
+83.6904150E-03,-69.2160726E-03
+83.6905800E-03,+3.8767339E-03
+83.6907450E-03,+18.4951393E-03
+83.6909100E-03,-142.3088791E-03
+83.6910750E-03,+11.1859366E-03
+83.6912400E-03,-61.9068700E-03
+83.6914050E-03,+11.1859366E-03
+83.6915700E-03,+11.1859366E-03
+83.6917350E-03,-54.5976678E-03
+83.6919000E-03,-3.4324681E-03
+83.6920650E-03,-69.2160726E-03
+83.6922300E-03,-142.3088795E-03
+83.6923950E-03,-69.2160726E-03
+83.6925600E-03,-134.9996775E-03
+83.6927250E-03,+11.1859366E-03
+83.6928900E-03,-69.2160726E-03
+83.6930550E-03,+3.8767346E-03
+83.6932200E-03,-61.9068706E-03
+83.6933850E-03,+3.8767348E-03
+83.6935500E-03,+11.1859366E-03
+83.6937150E-03,-69.2160726E-03
+83.6938800E-03,-69.2160726E-03
+83.6940450E-03,-134.9996784E-03
+83.6942100E-03,-142.3088801E-03
+83.6943750E-03,+11.1859366E-03
+83.6945400E-03,+3.8767351E-03
+83.6947050E-03,-69.2160726E-03
+83.6948700E-03,-69.2160726E-03
+83.6950350E-03,-142.3088804E-03
+83.6952000E-03,-61.9068713E-03
+83.6953650E-03,-142.3088805E-03
+83.6955300E-03,-134.9996794E-03
+83.6956950E-03,-69.2160726E-03
+83.6958600E-03,+76.9695436E-03
+83.6960250E-03,-142.3088807E-03
+83.6961900E-03,+3.8767356E-03
+83.6963550E-03,-69.2160726E-03
+83.6965200E-03,-149.6180817E-03
+83.6966850E-03,+76.9695442E-03
+83.6968500E-03,+11.1859366E-03
+83.6970150E-03,+11.1859366E-03
+83.6971800E-03,+11.1859366E-03
+83.6973450E-03,-142.3088811E-03
+83.6975100E-03,-61.9068720E-03
+83.6976750E-03,-142.3088812E-03
+83.6978400E-03,-3.4324643E-03
+83.6980050E-03,-69.2160726E-03
+83.6981700E-03,-69.2160726E-03
+83.6983350E-03,-61.9068723E-03
+83.6985000E-03,-69.2160726E-03
+83.6986650E-03,-69.2160726E-03
+83.6988300E-03,+3.8767365E-03
+83.6989950E-03,+3.8767365E-03
+83.6991600E-03,-76.5252726E-03
+83.6993250E-03,+3.8767366E-03
+83.6994900E-03,-69.2160726E-03
+83.6996550E-03,-61.9068727E-03
+83.6998200E-03,+3.8767368E-03
+83.6999850E-03,-134.9996822E-03
+83.7001500E-03,+1.3414740942E+00
+83.7003150E-03,+1.1441232650E+00
+83.7004800E-03,+1.5388241112E+00
+83.7006450E-03,+1.8604321480E+00
+83.7008100E-03,+2.1016381755E+00
+83.7009750E-03,+2.2624421939E+00
+83.7011400E-03,+2.5913594301E+00
+83.7013050E-03,+2.8983490681E+00
+83.7014700E-03,+3.0006786752E+00
+83.7016350E-03,+3.2345755035E+00
+83.7018000E-03,+3.3953795218E+00
+83.7019650E-03,+3.5561835401E+00
+83.7021300E-03,+3.7973895676E+00
+83.7022950E-03,+3.9581935859E+00
+83.7024600E-03,+4.1116884053E+00
+83.7026250E-03,+4.3528944328E+00
+83.7027900E-03,+4.5136984512E+00
+83.7029550E-03,+4.6745024696E+00
+83.7031200E-03,+4.7622136776E+00
+83.7032850E-03,+4.8426156867E+00
+83.7034500E-03,+4.9230176958E+00
+83.7036150E-03,+5.0838217142E+00
+83.7037800E-03,+5.2300073353E+00
+83.7039450E-03,+5.3250277416E+00
+83.7041100E-03,+5.3981205523E+00
+83.7042750E-03,+5.4858317599E+00
+83.7044400E-03,+5.5662337690E+00
+83.7046050E-03,+5.6393265799E+00
+83.7047700E-03,+5.7270377873E+00
+83.7049350E-03,+5.8001305982E+00
+83.7051000E-03,+5.8805326074E+00
+83.7052650E-03,+5.8878418055E+00
+83.7054300E-03,+5.8951510035E+00
+83.7055950E-03,+5.9682438146E+00
+83.7057600E-03,+6.0413366258E+00
+83.7059250E-03,+6.1875222484E+00
+83.7060900E-03,+6.1217386350E+00
+83.7062550E-03,+6.1948314464E+00
+83.7064200E-03,+6.1802130510E+00
+83.7065850E-03,+6.0632642189E+00
+83.7067500E-03,+6.2094498418E+00
+83.7069150E-03,+6.2825426534E+00
+83.7070800E-03,+6.2094498417E+00
+83.7072450E-03,+6.2825426534E+00
+83.7074100E-03,+6.2752334560E+00
+83.7075750E-03,+6.3629446626E+00
+83.7077400E-03,+6.3556354653E+00
+83.7079050E-03,+6.2094498415E+00
+83.7080700E-03,+6.2679242589E+00
+83.7082350E-03,+6.3483262682E+00
+83.7084000E-03,+6.2094498413E+00
+83.7085650E-03,+6.2094498413E+00
+83.7087300E-03,+6.2021406442E+00
+83.7088950E-03,+6.2679242595E+00
+83.7090600E-03,+6.1948314473E+00
+83.7092250E-03,+6.0486458227E+00
+83.7093900E-03,+6.2021406442E+00
+83.7095550E-03,+6.0413366258E+00
+83.7097200E-03,+5.9682438133E+00
+83.7098850E-03,+5.9682438133E+00
+83.7100500E-03,+6.0413366258E+00
+83.7102150E-03,+5.9682438132E+00
+83.7103800E-03,+5.9536254201E+00
+83.7105450E-03,+5.8805326074E+00
+83.7107100E-03,+5.8805326074E+00
+83.7108750E-03,+5.8074397946E+00
+83.7110400E-03,+5.8074397945E+00
+83.7112050E-03,+5.7928214020E+00
+83.7113700E-03,+5.6393265799E+00
+83.7115350E-03,+5.6393265799E+00
+83.7117000E-03,+5.6393265799E+00
+83.7118650E-03,+5.5589245707E+00
+83.7120300E-03,+5.5516153747E+00
+83.7121950E-03,+5.4785225615E+00
+83.7123600E-03,+5.3981205523E+00
+83.7125250E-03,+5.3250277389E+00
+83.7126900E-03,+5.3177185431E+00
+83.7128550E-03,+5.2446257296E+00
+83.7130200E-03,+5.2300073383E+00
+83.7131850E-03,+5.2300073383E+00
+83.7133500E-03,+5.1569145247E+00
+83.7135150E-03,+5.0765125155E+00
+83.7136800E-03,+5.0838217110E+00
+83.7138450E-03,+4.9230176926E+00
+83.7140100E-03,+4.9961105064E+00
+83.7141750E-03,+4.9157084972E+00
+83.7143400E-03,+4.9083993019E+00
+83.7145050E-03,+4.8353064880E+00
+83.7146700E-03,+4.7622136739E+00
+83.7148350E-03,+4.7402860886E+00
+83.7150000E-03,+4.5941004604E+00
+83.7151650E-03,+4.6745024696E+00
+83.7153300E-03,+4.5136984512E+00
+83.7154950E-03,+4.5867912655E+00
+83.7156600E-03,+4.4332964420E+00
+83.7158250E-03,+4.5063892565E+00
+83.7159900E-03,+4.3455852381E+00
+83.7161550E-03,+4.3528944328E+00
+83.7163200E-03,+4.1920904145E+00
+83.7164850E-03,+4.2578740346E+00
+83.7166500E-03,+4.0385955906E+00
+83.7168150E-03,+4.1189975997E+00
+83.7169800E-03,+3.9655027757E+00
+83.7171450E-03,+4.0312863961E+00
+83.7173100E-03,+3.9581935812E+00
+83.7174750E-03,+4.0239772019E+00
+83.7176400E-03,+3.8777915719E+00
+83.7178050E-03,+3.8704823777E+00
+83.7179700E-03,+3.6512039324E+00
+83.7181350E-03,+3.6585131262E+00
+83.7183000E-03,+3.7096783593E+00
+83.7184650E-03,+3.6365855441E+00
+83.7186300E-03,+3.7023691655E+00
+83.7187950E-03,+3.5415651471E+00
+83.7189600E-03,+3.4684723318E+00
+83.7191250E-03,+3.3953795163E+00
+83.7192900E-03,+3.4611631381E+00
+83.7194550E-03,+3.3222867006E+00
+83.7196200E-03,+3.4611631382E+00
+83.7197850E-03,+3.2345754977E+00
+83.7199500E-03,+3.2272663042E+00
+83.7201150E-03,+3.2272663042E+00
+83.7202800E-03,+3.1541734883E+00
+83.7204450E-03,+3.2199571109E+00
+83.7206100E-03,+3.1395551018E+00
+83.7207750E-03,+3.0664622858E+00
+83.7209400E-03,+3.0737714789E+00
+83.7211050E-03,+2.9787510835E+00
+83.7212700E-03,+2.8398746443E+00
+83.7214350E-03,+2.9787510837E+00
+83.7216000E-03,+2.8983490745E+00
+83.7217650E-03,+2.9787510838E+00
+83.7219300E-03,+2.8983490746E+00
+83.7220950E-03,+2.7448542491E+00
+83.7222600E-03,+2.8252562582E+00
+83.7224250E-03,+2.6644522399E+00
+83.7225900E-03,+2.6717614325E+00
+83.7227550E-03,+2.6498338548E+00
+83.7229200E-03,+2.5182666065E+00
+83.7230850E-03,+2.5986686156E+00
+83.7232500E-03,+2.5767410383E+00
+83.7234150E-03,+2.5767410383E+00
+83.7235800E-03,+2.4305554046E+00
+83.7237450E-03,+2.4305554045E+00
+83.7239100E-03,+2.4963390293E+00
+83.7240750E-03,+2.4159370202E+00
+83.7242400E-03,+2.4159370202E+00
+83.7244050E-03,+2.3355350111E+00
+83.7245700E-03,+2.3428442031E+00
+83.7247350E-03,+2.3428442031E+00
+83.7249000E-03,+2.3428442031E+00
+83.7250650E-03,+2.2624421939E+00
+83.7252300E-03,+2.3355350113E+00
+83.7253950E-03,+2.2624421939E+00
+83.7255600E-03,+2.1820401847E+00
+83.7257250E-03,+2.1820401847E+00
+83.7258900E-03,+2.1747309932E+00
+83.7260550E-03,+2.2551330024E+00
+83.7262200E-03,+2.1820401847E+00
+83.7263850E-03,+2.1016381755E+00
+83.7265500E-03,+2.0212361664E+00
+83.7267150E-03,+2.0943289842E+00
+83.7268800E-03,+2.0212361664E+00
+83.7270450E-03,+2.0943289844E+00
+83.7272100E-03,+2.0870197933E+00
+83.7273750E-03,+2.0212361664E+00
+83.7275400E-03,+1.9408341572E+00
+83.7277050E-03,+1.8677413390E+00
+83.7278700E-03,+1.9408341572E+00
+83.7280350E-03,+1.8604321480E+00
+83.7282000E-03,+1.9408341572E+00
+83.7283650E-03,+1.8604321480E+00
+83.7285300E-03,+2.0066177849E+00
+83.7286950E-03,+1.7946485201E+00
+83.7288600E-03,+1.7800301388E+00
+83.7290250E-03,+1.8531229574E+00
+83.7291900E-03,+1.9335249667E+00
+83.7293550E-03,+1.8531229575E+00
+83.7295200E-03,+1.7727209484E+00
+83.7296850E-03,+1.7069373200E+00
+83.7298500E-03,+1.7142465102E+00
+83.7300150E-03,+1.7215557004E+00
+83.7301800E-03,+1.6996281296E+00
+83.7303450E-03,+1.7727209486E+00
+83.7305100E-03,+1.6996281296E+00
+83.7306750E-03,+1.6996281296E+00
+83.7308400E-03,+1.6923189396E+00
+83.7310050E-03,+1.6996281296E+00
+83.7311700E-03,+1.6996281296E+00
+83.7313350E-03,+1.7727209490E+00
+83.7315000E-03,+1.6923189398E+00
+83.7316650E-03,+1.7069373193E+00
+83.7318300E-03,+1.6265353101E+00
+83.7319950E-03,+1.6265353100E+00
+83.7321600E-03,+1.6265353100E+00
+83.7323250E-03,+1.6923189401E+00
+83.7324900E-03,+1.6192261204E+00
+83.7326550E-03,+1.5461333006E+00
+83.7328200E-03,+1.5461333006E+00
+83.7329850E-03,+1.6192261204E+00
+83.7331500E-03,+1.5388241112E+00
+83.7333150E-03,+1.5388241112E+00
+83.7334800E-03,+1.5461333004E+00
+83.7336450E-03,+1.6192261204E+00
+83.7338100E-03,+1.5461333003E+00
+83.7339750E-03,+1.6192261204E+00
+83.7341400E-03,+1.6265353094E+00
+83.7343050E-03,+1.6119169315E+00
+83.7344700E-03,+1.5388241112E+00
+83.7346350E-03,+1.6192261204E+00
+83.7348000E-03,+1.5388241112E+00
+83.7349650E-03,+1.5461332999E+00
+83.7351300E-03,+1.5461332999E+00
+83.7352950E-03,+1.5461332998E+00
+83.7354600E-03,+1.5388241112E+00
+83.7356250E-03,+1.5388241112E+00
+83.7357900E-03,+1.4657312905E+00
+83.7359550E-03,+1.6192261204E+00
+83.7361200E-03,+1.5315149229E+00
+83.7362850E-03,+1.5461332995E+00
+83.7364500E-03,+1.4657312902E+00
+83.7366150E-03,+1.5388241112E+00
+83.7367800E-03,+1.5388241112E+00
+83.7369450E-03,+1.5388241112E+00
+83.7371100E-03,+1.5388241112E+00
+83.7372750E-03,+1.5388241112E+00
+83.7374400E-03,+1.5388241112E+00
+83.7376050E-03,+1.4730404777E+00
+83.7377700E-03,+1.5461332990E+00
+83.7379350E-03,+1.6046077449E+00
+83.7381000E-03,+1.5461332989E+00
+83.7382650E-03,+1.5461332989E+00
+83.7384300E-03,+1.6119169328E+00
+83.7385950E-03,+1.5461332988E+00
+83.7387600E-03,+1.6119169329E+00
+83.7389250E-03,+1.5388241112E+00
+83.7390900E-03,+1.4584221020E+00
+83.7392550E-03,+1.6192261204E+00
+83.7394200E-03,+1.4657312893E+00
+83.7395850E-03,+1.5388241112E+00
+83.7397500E-03,+1.5388241112E+00
+83.7399150E-03,+1.3926384671E+00
+83.7400800E-03,+1.5388241112E+00
+83.7402450E-03,+1.5388241112E+00
+83.7404100E-03,+1.5388241112E+00
+83.7405750E-03,+1.4584221020E+00
+83.7407400E-03,+1.4657312889E+00
+83.7409050E-03,+1.5388241112E+00
+83.7410700E-03,+1.6046077469E+00
+83.7412350E-03,+1.5388241112E+00
+83.7414000E-03,+1.5461332979E+00
+83.7415650E-03,+1.5388241112E+00
+83.7417300E-03,+1.6119169339E+00
+83.7418950E-03,+1.6119169339E+00
+83.7420600E-03,+1.4511129156E+00
+83.7422250E-03,+1.5461332976E+00
+83.7423900E-03,+1.4657312884E+00
+83.7425550E-03,+1.4657312883E+00
+83.7427200E-03,+1.5461332974E+00
+83.7428850E-03,+1.4657312882E+00
+83.7430500E-03,+1.6119169343E+00
+83.7432150E-03,+1.6192261204E+00
+83.7433800E-03,+1.5534424832E+00
+83.7435450E-03,+1.4730404740E+00
+83.7437100E-03,+1.5388241112E+00
+83.7438750E-03,+1.5388241112E+00
+83.7440400E-03,+1.5388241112E+00
+83.7442050E-03,+1.5461332970E+00
+83.7443700E-03,+1.6119169347E+00
+83.7445350E-03,+1.5461332969E+00
+83.7447000E-03,+1.5461332968E+00
+83.7448650E-03,+1.5388241112E+00
+83.7450300E-03,+1.5388241112E+00
+83.7451950E-03,+1.5461332967E+00
+83.7453600E-03,+1.5388241112E+00
+83.7455250E-03,+1.4730404727E+00
+83.7456900E-03,+1.6046077499E+00
+83.7458550E-03,+1.6192261204E+00
+83.7460200E-03,+1.5461332964E+00
+83.7461850E-03,+1.5388241112E+00
+83.7463500E-03,+1.5461332963E+00
+83.7465150E-03,+1.5534424813E+00
+83.7466800E-03,+1.5388241112E+00
+83.7468450E-03,+1.5388241112E+00
+83.7470100E-03,+1.6119169356E+00
+83.7471750E-03,+1.6119169356E+00
+83.7473400E-03,+1.5461332960E+00
+83.7475050E-03,+1.6192261204E+00
+83.7476700E-03,+1.5461332959E+00
+83.7478350E-03,+1.5388241112E+00
+83.7480000E-03,+1.6192261204E+00
+83.7481650E-03,+1.6119169359E+00
+83.7483300E-03,+1.6192261204E+00
+83.7484950E-03,+1.5461332956E+00
+83.7486600E-03,+1.5388241112E+00
+83.7488250E-03,+1.6192261204E+00
+83.7489900E-03,+1.6850097611E+00
+83.7491550E-03,+1.6192261204E+00
+83.7493200E-03,+1.5388241112E+00
+83.7494850E-03,+1.6265353045E+00
+83.7496500E-03,+1.5461332952E+00
+83.7498150E-03,+1.6265353044E+00
+83.7499800E-03,+1.6996281296E+00
+83.7501450E-03,+1.6265353043E+00
+83.7503100E-03,+1.6996281296E+00
+83.7504750E-03,+1.6192261204E+00
+83.7506400E-03,+1.6192261204E+00
+83.7508050E-03,+1.6192261204E+00
+83.7509700E-03,+1.6119169368E+00
+83.7511350E-03,+1.6192261204E+00
+83.7513000E-03,+1.5461332947E+00
+83.7514650E-03,+1.6923189462E+00
+83.7516300E-03,+1.5534424780E+00
+83.7517950E-03,+1.6192261204E+00
+83.7519600E-03,+1.6192261204E+00
+83.7521250E-03,+1.6192261204E+00
+83.7522900E-03,+1.6265353036E+00
+83.7524550E-03,+1.7727209557E+00
+83.7526200E-03,+1.6192261204E+00
+83.7527850E-03,+1.5461332942E+00
+83.7529500E-03,+1.6850097637E+00
+83.7531150E-03,+1.6265353033E+00
+83.7532800E-03,+1.6192261204E+00
+83.7534450E-03,+1.6265353032E+00
+83.7536100E-03,+1.6265353032E+00
+83.7537750E-03,+1.6265353031E+00
+83.7539400E-03,+1.6192261204E+00
+83.7541050E-03,+1.6192261204E+00
+83.7542700E-03,+1.6192261204E+00
+83.7544350E-03,+1.6850097646E+00
+83.7546000E-03,+1.6119169380E+00
+83.7547650E-03,+1.6923189472E+00
+83.7549300E-03,+1.6119169381E+00
+83.7550950E-03,+1.6850097650E+00
+83.7552600E-03,+1.6119169382E+00
+83.7554250E-03,+1.6119169382E+00
+83.7555900E-03,+1.6119169383E+00
+83.7557550E-03,+1.6119169383E+00
+83.7559200E-03,+1.6192261204E+00
+83.7560850E-03,+1.6923189476E+00
+83.7562500E-03,+1.6996281296E+00
+83.7564150E-03,+1.6850097659E+00
+83.7565800E-03,+1.6265353022E+00
+83.7567450E-03,+1.6192261204E+00
+83.7569100E-03,+1.5461332929E+00
+83.7570750E-03,+1.5461332929E+00
+83.7572400E-03,+1.6192261204E+00
+83.7574050E-03,+1.6923189480E+00
+83.7575700E-03,+1.6192261204E+00
+83.7577350E-03,+1.5461332927E+00
+83.7579000E-03,+1.6192261204E+00
+83.7580650E-03,+1.6192261204E+00
+83.7582300E-03,+1.6923189483E+00
+83.7583950E-03,+1.5461332925E+00
+83.7585600E-03,+1.6996281296E+00
+83.7587250E-03,+1.6192261204E+00
+83.7588900E-03,+1.5461332923E+00
+83.7590550E-03,+1.6265353014E+00
+83.7592200E-03,+1.6192261204E+00
+83.7593850E-03,+1.4730404639E+00
+83.7595500E-03,+1.6192261204E+00
+83.7597150E-03,+1.5607516537E+00
+83.7598800E-03,+1.5461332920E+00
+83.7600450E-03,+1.6192261204E+00
+83.7602100E-03,+1.6996281296E+00
+83.7603750E-03,+1.6923189490E+00
+83.7605400E-03,+1.6265353010E+00
+83.7607050E-03,+1.6192261204E+00
+83.7608700E-03,+1.6265353009E+00
+83.7610350E-03,+1.6850097688E+00
+83.7612000E-03,+1.6996281296E+00
+83.7613650E-03,+1.6192261204E+00
+83.7615300E-03,+1.5534424717E+00
+83.7616950E-03,+1.6923189494E+00
+83.7618600E-03,+1.5461332914E+00
+83.7620250E-03,+1.6923189495E+00
+83.7621900E-03,+1.6850097695E+00
+83.7623550E-03,+1.6996281296E+00
+83.7625200E-03,+1.6923189497E+00
+83.7626850E-03,+1.6265353003E+00
+83.7628500E-03,+1.6923189498E+00
+83.7630150E-03,+1.6996281296E+00
+83.7631800E-03,+1.6923189499E+00
+83.7633450E-03,+1.6996281296E+00
+83.7635100E-03,+1.6923189500E+00
+83.7636750E-03,+1.6192261204E+00
+83.7638400E-03,+1.6192261204E+00
+83.7640050E-03,+1.6192261204E+00
+83.7641700E-03,+1.6192261204E+00
+83.7643350E-03,+1.6850097709E+00
+83.7645000E-03,+1.5461332905E+00
+83.7646650E-03,+1.6192261204E+00
+83.7648300E-03,+1.6192261204E+00
+83.7649950E-03,+1.6996281296E+00
+83.7651600E-03,+1.6923189505E+00
+83.7653250E-03,+1.6996281296E+00
+83.7654900E-03,+1.6996281296E+00
+83.7656550E-03,+1.5461332902E+00
+83.7658200E-03,+1.6192261204E+00
+83.7659850E-03,+1.6192261204E+00
+83.7661500E-03,+1.6923189508E+00
+83.7663150E-03,+1.6996281296E+00
+83.7664800E-03,+1.6119169417E+00
+83.7666450E-03,+1.6996281296E+00
+83.7668100E-03,+1.6265352990E+00
+83.7669750E-03,+1.6923189511E+00
+83.7671400E-03,+1.6923189511E+00
+83.7673050E-03,+1.6338444772E+00
+83.7674700E-03,+1.6265352988E+00
+83.7676350E-03,+1.6923189513E+00
+83.7678000E-03,+1.7727209605E+00
+83.7679650E-03,+1.6996281296E+00
+83.7681300E-03,+1.6996281296E+00
+83.7682950E-03,+1.6192261204E+00
+83.7684600E-03,+1.6996281296E+00
+83.7686250E-03,+1.6923189516E+00
+83.7687900E-03,+1.6923189517E+00
+83.7689550E-03,+1.6923189517E+00
+83.7691200E-03,+1.6923189518E+00
+83.7692850E-03,+1.6850097740E+00
+83.7694500E-03,+1.6192261204E+00
+83.7696150E-03,+1.5461332889E+00
+83.7697800E-03,+1.6923189520E+00
+83.7699450E-03,+1.6923189520E+00
+83.7701100E-03,+1.6996281296E+00
+83.7702750E-03,+1.6923189521E+00
+83.7704400E-03,+1.6923189522E+00
+83.7706050E-03,+1.5461332886E+00
+83.7707700E-03,+1.6192261204E+00
+83.7709350E-03,+1.6996281296E+00
+83.7711000E-03,+1.6923189524E+00
+83.7712650E-03,+1.6996281296E+00
+83.7714300E-03,+1.7727209617E+00
+83.7715950E-03,+1.6996281296E+00
+83.7717600E-03,+1.6996281296E+00
+83.7719250E-03,+1.6923189526E+00
+83.7720900E-03,+1.6192261204E+00
+83.7722550E-03,+1.5461332881E+00
+83.7724200E-03,+1.6265352972E+00
+83.7725850E-03,+1.6192261204E+00
+83.7727500E-03,+1.6923189529E+00
+83.7729150E-03,+1.6338444737E+00
+83.7730800E-03,+1.4803496318E+00
+83.7732450E-03,+1.6192261204E+00
+83.7734100E-03,+1.6850097766E+00
+83.7735750E-03,+1.6192261204E+00
+83.7737400E-03,+1.6996281296E+00
+83.7739050E-03,+1.6923189533E+00
+83.7740700E-03,+1.6996281296E+00
+83.7742350E-03,+1.5388241112E+00
+83.7744000E-03,+1.6192261204E+00
+83.7745650E-03,+1.6265352965E+00
+83.7747300E-03,+1.6923189535E+00
+83.7748950E-03,+1.6192261204E+00
+83.7750600E-03,+1.6265352964E+00
+83.7752250E-03,+1.6338444722E+00
+83.7753900E-03,+1.6192261204E+00
+83.7755550E-03,+1.6996281296E+00
+83.7757200E-03,+1.6923189539E+00
+83.7758850E-03,+1.6923189539E+00
+83.7760500E-03,+1.6850097783E+00
+83.7762150E-03,+1.6119169448E+00
+83.7763800E-03,+1.6923189541E+00
+83.7765450E-03,+1.5534424622E+00
+83.7767100E-03,+1.6192261204E+00
+83.7768750E-03,+1.6923189542E+00
+83.7770400E-03,+1.7142464803E+00
+83.7772050E-03,+1.6923189543E+00
+83.7773700E-03,+1.6996281296E+00
+83.7775350E-03,+1.6265352956E+00
+83.7777000E-03,+1.6192261204E+00
+83.7778650E-03,+1.6777006044E+00
+83.7780300E-03,+1.6996281296E+00
+83.7781950E-03,+1.6850097797E+00
+83.7783600E-03,+1.6192261204E+00
+83.7785250E-03,+1.6265352953E+00
+83.7786900E-03,+1.6192261204E+00
+83.7788550E-03,+1.6923189548E+00
+83.7790200E-03,+1.6192261204E+00
+83.7791850E-03,+1.6119169458E+00
+83.7793500E-03,+1.6265352950E+00
+83.7795150E-03,+1.5607516349E+00
+83.7796800E-03,+1.6265352949E+00
+83.7798450E-03,+1.6265352949E+00
+83.7800100E-03,+1.6192261204E+00
+83.7801750E-03,+1.6192261204E+00
+83.7803400E-03,+1.7654117902E+00
+83.7805050E-03,+1.6996281296E+00
+83.7806700E-03,+1.6923189554E+00
+83.7808350E-03,+1.6923189555E+00
+83.7810000E-03,+1.6265352945E+00
+83.7811650E-03,+1.6996281296E+00
+83.7813300E-03,+1.6923189556E+00
+83.7814950E-03,+1.6996281296E+00
+83.7816600E-03,+1.6338444681E+00
+83.7818250E-03,+1.6265352942E+00
+83.7819900E-03,+1.7727209650E+00
+83.7821550E-03,+1.6192261204E+00
+83.7823200E-03,+1.4803496230E+00
+83.7824850E-03,+1.5461332848E+00
+83.7826500E-03,+1.6265352940E+00
+83.7828150E-03,+1.6192261204E+00
+83.7829800E-03,+1.6996281296E+00
+83.7831450E-03,+1.6265352938E+00
+83.7833100E-03,+1.6996281296E+00
+83.7834750E-03,+1.6192261204E+00
+83.7836400E-03,+1.6923189564E+00
+83.7838050E-03,+1.5388241112E+00
+83.7839700E-03,+1.6265352935E+00
+83.7841350E-03,+1.6192261204E+00
+83.7843000E-03,+1.6923189566E+00
+83.7844650E-03,+1.6265352934E+00
+83.7846300E-03,+1.6192261204E+00
+83.7847950E-03,+1.6265352933E+00
+83.7849600E-03,+1.6923189568E+00
+83.7851250E-03,+1.6192261204E+00
+83.7852900E-03,+1.6192261204E+00
+83.7854550E-03,+1.6192261204E+00
+83.7856200E-03,+1.6192261204E+00
+83.7857850E-03,+1.6265352930E+00
+83.7859500E-03,+1.6192261204E+00
+83.7861150E-03,+1.6192261204E+00
+83.7862800E-03,+1.6338444652E+00
+83.7864450E-03,+1.6996281296E+00
+83.7866100E-03,+1.6192261204E+00
+83.7867750E-03,+1.6265352927E+00
+83.7869400E-03,+1.6119169482E+00
+83.7871050E-03,+1.6265352925E+00
+83.7872700E-03,+1.5534424554E+00
+83.7874350E-03,+1.6265352924E+00
+83.7876000E-03,+1.6996281296E+00
+83.7877650E-03,+1.6192261204E+00
+83.7879300E-03,+1.5461332831E+00
+83.7880950E-03,+1.6996281296E+00
+83.7882600E-03,+1.6996281296E+00
+83.7884250E-03,+1.6996281296E+00
+83.7885900E-03,+1.6192261204E+00
+83.7887550E-03,+1.6996281296E+00
+83.7889200E-03,+1.6996281296E+00
+83.7890850E-03,+1.5534424542E+00
+83.7892500E-03,+1.6777006152E+00
+83.7894150E-03,+1.6192261204E+00
+83.7895800E-03,+1.7654117961E+00
+83.7897450E-03,+1.7654117962E+00
+83.7899100E-03,+1.7654117963E+00
+83.7900750E-03,+1.6923189584E+00
+83.7902400E-03,+1.5388241112E+00
+83.7904050E-03,+1.6996281296E+00
+83.7905700E-03,+1.7069373006E+00
+83.7907350E-03,+1.6265352914E+00
+83.7909000E-03,+1.7581026260E+00
+83.7910650E-03,+1.6192261204E+00
+83.7912300E-03,+1.5461332820E+00
+83.7913950E-03,+1.6923189588E+00
+83.7915600E-03,+1.6996281296E+00
+83.7917250E-03,+1.6850097883E+00
+83.7918900E-03,+1.6923189590E+00
+83.7920550E-03,+1.6192261204E+00
+83.7922200E-03,+1.7727209683E+00
+83.7923850E-03,+1.6923189591E+00
+83.7925500E-03,+1.6923189592E+00
+83.7927150E-03,+1.5388241112E+00
+83.7928800E-03,+1.6265352907E+00
+83.7930450E-03,+1.6996281296E+00
+83.7932100E-03,+1.6265352906E+00
+83.7933750E-03,+1.7069372997E+00
+83.7935400E-03,+1.6923189595E+00
+83.7937050E-03,+1.6192261204E+00
+83.7938700E-03,+1.6192261204E+00
+83.7940350E-03,+1.6996281296E+00
+83.7942000E-03,+1.6265352903E+00
+83.7943650E-03,+1.6996281296E+00
+83.7945300E-03,+1.6923189598E+00
+83.7946950E-03,+1.5461332809E+00
+83.7948600E-03,+1.6923189599E+00
+83.7950250E-03,+1.6923189600E+00
+83.7951900E-03,+1.6923189600E+00
+83.7953550E-03,+1.6923189601E+00
+83.7955200E-03,+1.7069372991E+00
+83.7956850E-03,+1.6923189602E+00
+83.7958500E-03,+1.6923189602E+00
+83.7960150E-03,+1.6192261204E+00
+83.7961800E-03,+1.6192261204E+00
+83.7963450E-03,+1.6192261204E+00
+83.7965100E-03,+1.6923189605E+00
+83.7966750E-03,+1.6923189605E+00
+83.7968400E-03,+1.6192261204E+00
+83.7970050E-03,+1.6119169514E+00
+83.7971700E-03,+1.6265352894E+00
+83.7973350E-03,
