time	V(n002)
0.000000000000000e+00	0.000000e+00
4.882812470324849e-12	1.408950e+00
9.765624940649698e-12	1.408965e+00
1.953124988129940e-11	1.408996e+00
3.906249976259879e-11	1.409057e+00
7.812499952519758e-11	1.409179e+00
1.562499990503952e-10	1.409424e+00
3.124999981007903e-10	1.409913e+00
6.249999962015806e-10	1.410891e+00
1.249999992403161e-09	1.412847e+00
2.499999984806323e-09	1.416758e+00
4.999999969612645e-09	1.424574e+00
9.999999939225290e-09	1.440183e+00
1.999999987845058e-08	1.471312e+00
3.999999975690116e-08	1.533216e+00
7.999999951380232e-08	1.655616e+00
1.599999990276046e-07	1.894876e+00
3.199999980552093e-07	2.351937e+00
6.399999961104186e-07	3.185542e+00
1.128281246110419e-06	4.270946e+00
1.616562496110419e-06	5.158607e+00
2.104843746110419e-06	5.878000e+00
2.593124996110419e-06	6.454368e+00
3.081406246110419e-06	6.909324e+00
3.569687496110419e-06	7.261374e+00
4.057968746110418e-06	7.526354e+00
4.546249996110419e-06	7.717810e+00
5.034531246110419e-06	7.847328e+00
5.522812496110420e-06	7.924812e+00
6.011093746110420e-06	7.958725e+00
6.499374996110420e-06	7.956293e+00
6.987656246110421e-06	7.923682e+00
7.475937496110421e-06	7.866151e+00
7.964218746110422e-06	7.788182e+00
8.452499996110422e-06	7.693588e+00
8.940781246110423e-06	7.585613e+00
9.429062496110423e-06	7.467012e+00
9.917343746110423e-06	7.340123e+00
1.040562499611042e-05	7.206922e+00
1.089390624611042e-05	7.069082e+00
1.138218749611042e-05	6.928012e+00
1.187046874611043e-05	6.784899e+00
1.235874999611043e-05	6.640734e+00
1.284703124611043e-05	6.496350e+00
1.333531249611043e-05	6.352437e+00
1.382359374611043e-05	6.209566e+00
1.431187499611043e-05	6.068208e+00
1.480015624611043e-05	5.928745e+00
1.528843749611043e-05	5.791489e+00
1.577671874611043e-05	5.656687e+00
1.626499999611043e-05	5.524533e+00
1.675328124611043e-05	5.395176e+00
1.724156249611043e-05	5.268729e+00
1.772984374611043e-05	5.145271e+00
1.821812499611043e-05	5.024855e+00
1.870640624611043e-05	4.907510e+00
1.919468749611043e-05	4.793247e+00
1.968296874611043e-05	4.682062e+00
2.017124999611043e-05	4.573936e+00
2.065953124611043e-05	4.468841e+00
2.114781249611043e-05	4.366739e+00
2.163609374611043e-05	4.267584e+00
2.212437499611043e-05	4.171328e+00
2.261265624611043e-05	4.077914e+00
2.310093749611044e-05	3.987284e+00
2.358921874611044e-05	3.899376e+00
2.407749999611044e-05	3.814128e+00
2.456578124611044e-05	3.731475e+00
2.505406249611044e-05	3.651351e+00
2.554234374611044e-05	3.573690e+00
2.603062499611044e-05	3.498428e+00
2.651890624611044e-05	3.425497e+00
2.700718749611044e-05	3.354834e+00
2.749546874611044e-05	3.286375e+00
2.798374999611044e-05	3.220055e+00
2.847203124611044e-05	3.155813e+00
2.896031249611044e-05	3.093587e+00
2.944859374611044e-05	3.033319e+00
2.993687499611044e-05	2.974947e+00
3.042515624611044e-05	2.918417e+00
3.091343749611044e-05	2.863672e+00
3.140171874611044e-05	2.810657e+00
3.188999999611044e-05	2.759319e+00
3.237828124611044e-05	2.709606e+00
3.286656249611044e-05	2.661469e+00
3.335484374611044e-05	2.614858e+00
3.384312499611044e-05	2.569726e+00
3.433140624611044e-05	2.526026e+00
3.481968749611044e-05	2.483714e+00
3.530796874611044e-05	2.442746e+00
3.579624999611044e-05	2.403080e+00
3.628453124611044e-05	2.364676e+00
3.677281249611044e-05	2.327492e+00
3.726109374611044e-05	2.291491e+00
3.774937499611044e-05	2.256635e+00
3.823765624611045e-05	2.222888e+00
3.872593749611045e-05	2.190216e+00
3.921421874611045e-05	2.158583e+00
3.970249999611045e-05	2.127957e+00
4.019078124611045e-05	2.098306e+00
4.067906249611045e-05	2.069600e+00
4.116734374611045e-05	2.041807e+00
4.165562499611045e-05	2.014900e+00
4.214390624611045e-05	1.988850e+00
4.263218749611045e-05	1.963629e+00
4.312046874611045e-05	1.939211e+00
4.360874999611045e-05	1.915572e+00
4.409703124611045e-05	1.892686e+00
4.458531249611045e-05	1.870528e+00
4.507359374611045e-05	1.849077e+00
4.556187499611045e-05	1.828309e+00
4.605015624611045e-05	1.808202e+00
4.653843749611045e-05	1.788736e+00
4.702671874611045e-05	1.769891e+00
4.751499999611045e-05	1.751646e+00
4.800328124611045e-05	1.733982e+00
4.849156249611045e-05	1.716881e+00
4.897984374611045e-05	1.700325e+00
4.946812499611046e-05	1.684297e+00
4.995640624611046e-05	1.668779e+00
5.044468749611046e-05	1.653756e+00
5.093296874611046e-05	1.639211e+00
5.142124999611046e-05	1.625130e+00
5.190953124611046e-05	1.611498e+00
5.239781249611046e-05	1.598300e+00
5.288609374611046e-05	1.585522e+00
5.337437499611046e-05	1.573152e+00
5.386265624611046e-05	1.561176e+00
5.435093749611046e-05	1.549582e+00
5.483921874611046e-05	1.538357e+00
5.532749999611046e-05	1.527489e+00
5.581578124611046e-05	1.516968e+00
5.630406249611046e-05	1.506783e+00
5.679234374611046e-05	1.496922e+00
5.728062499611046e-05	1.487375e+00
5.776890624611046e-05	1.478132e+00
5.825718749611046e-05	1.469184e+00
5.874546874611046e-05	1.460521e+00
5.923374999611046e-05	1.452134e+00
5.972203124611046e-05	1.444015e+00
6.021031249611046e-05	1.436154e+00
6.069859374611047e-05	1.428543e+00
6.118687499611046e-05	1.421176e+00
6.167515624611046e-05	1.414042e+00
6.216343749611046e-05	1.407137e+00
6.265171874611046e-05	1.400451e+00
6.313999999611046e-05	1.393978e+00
6.362828124611046e-05	1.387712e+00
6.411656249611046e-05	1.381645e+00
6.460484374611046e-05	1.375772e+00
6.509312499611046e-05	1.370086e+00
6.558140624611046e-05	1.364581e+00
6.606968749611046e-05	1.359251e+00
6.655796874611046e-05	1.354092e+00
6.704624999611046e-05	1.349096e+00
6.753453124611046e-05	1.344260e+00
6.802281249611046e-05	1.339578e+00
6.851109374611047e-05	1.335045e+00
6.899937499611047e-05	1.330657e+00
6.948765624611047e-05	1.326409e+00
6.997593749611047e-05	1.322296e+00
7.046421874611047e-05	1.318313e+00
7.095249999611047e-05	1.314458e+00
7.144078124611047e-05	1.310726e+00
7.192906249611047e-05	1.307113e+00
7.241734374611047e-05	1.303614e+00
7.290562499611047e-05	1.300228e+00
7.339390624611047e-05	1.296949e+00
7.388218749611047e-05	1.293775e+00
7.437046874611047e-05	1.290702e+00
7.485874999611047e-05	1.287726e+00
7.534703124611047e-05	1.284846e+00
7.583531249611047e-05	1.282057e+00
7.632359374611047e-05	1.279357e+00
7.681187499611047e-05	1.276744e+00
7.730015624611047e-05	1.274213e+00
7.778843749611047e-05	1.271763e+00
7.827671874611047e-05	1.269392e+00
7.876499999611047e-05	1.267096e+00
7.925328124611047e-05	1.264873e+00
7.974156249611048e-05	1.262720e+00
8.022984374611048e-05	1.260637e+00
8.071812499611048e-05	1.258620e+00
8.120640624611048e-05	1.256667e+00
8.169468749611048e-05	1.254776e+00
8.218296874611048e-05	1.252946e+00
8.267124999611048e-05	1.251174e+00
8.315953124611048e-05	1.249458e+00
8.364781249611048e-05	1.247797e+00
8.413609374611048e-05	1.246189e+00
8.462437499611048e-05	1.244633e+00
8.511265624611048e-05	1.243125e+00
8.560093749611048e-05	1.241666e+00
8.608921874611048e-05	1.240254e+00
8.657749999611048e-05	1.238886e+00
8.706578124611048e-05	1.237562e+00
8.755406249611048e-05	1.236280e+00
8.804234374611048e-05	1.235039e+00
8.853062499611048e-05	1.233838e+00
8.901890624611048e-05	1.232675e+00
8.950718749611048e-05	1.231549e+00
8.999546874611048e-05	1.230458e+00
9.048374999611048e-05	1.229403e+00
9.097203124611049e-05	1.228381e+00
9.146031249611049e-05	1.227392e+00
9.194859374611049e-05	1.226434e+00
9.243687499611049e-05	1.225507e+00
9.292515624611049e-05	1.224609e+00
9.341343749611049e-05	1.223740e+00
9.390171874611049e-05	1.222899e+00
9.438999999611049e-05	1.222084e+00
9.487828124611049e-05	1.221296e+00
9.536656249611049e-05	1.220532e+00
9.585484374611049e-05	1.219793e+00
9.634312499611049e-05	1.219078e+00
9.683140624611049e-05	1.218385e+00
9.731968749611049e-05	1.217714e+00
9.780796874611049e-05	1.217065e+00
9.829624999611049e-05	1.216436e+00
9.878453124611049e-05	1.215828e+00
9.927281249611049e-05	1.215238e+00
9.976109374611049e-05	1.214668e+00
1.000000010000000e-04	1.214396e+00
1.000000020000000e-04	-1.945408e-01
1.000000179999999e-04	-1.945909e-01
1.000000499999998e-04	-1.946911e-01
1.000001139999995e-04	-1.948916e-01
1.000002419999990e-04	-1.952924e-01
1.000004979999980e-04	-1.960941e-01
1.000010099999960e-04	-1.976971e-01
1.000020339999919e-04	-2.009024e-01
1.000040819999837e-04	-2.073090e-01
1.000081779999673e-04	-2.201074e-01
1.000163699999346e-04	-2.456444e-01
1.000327539998691e-04	-2.964798e-01
1.000655219997382e-04	-3.972031e-01
1.001310579994763e-04	-5.949095e-01
1.002621299989526e-04	-9.757519e-01
1.005242739979051e-04	-1.682139e+00
1.010125552479051e-04	-2.819736e+00
1.015008364979051e-04	-3.751899e+00
1.019891177479051e-04	-4.509205e+00
1.024773989979051e-04	-5.117840e+00
1.029656802479051e-04	-5.600229e+00
1.034539614979051e-04	-5.975572e+00
1.039422427479051e-04	-6.260298e+00
1.044305239979051e-04	-6.468468e+00
1.049188052479051e-04	-6.612105e+00
1.054070864979051e-04	-6.701488e+00
1.058953677479051e-04	-6.745403e+00
1.063836489979051e-04	-6.751350e+00
1.068719302479051e-04	-6.725734e+00
1.073602114979051e-04	-6.674016e+00
1.078484927479051e-04	-6.600851e+00
1.083367739979051e-04	-6.510203e+00
1.088250552479051e-04	-6.405443e+00
1.093133364979051e-04	-6.289434e+00
1.098016177479051e-04	-6.164608e+00
1.102898989979051e-04	-6.033023e+00
1.107781802479051e-04	-5.896419e+00
1.112664614979051e-04	-5.756264e+00
1.117547427479051e-04	-5.613794e+00
1.122430239979051e-04	-5.470047e+00
1.127313052479051e-04	-5.325887e+00
1.132195864979051e-04	-5.182039e+00
1.137078677479051e-04	-5.039101e+00
1.141961489979051e-04	-4.897565e+00
1.146844302479051e-04	-4.757834e+00
1.151727114979051e-04	-4.620235e+00
1.156609927479051e-04	-4.485030e+00
1.161492739979051e-04	-4.352425e+00
1.166375552479051e-04	-4.222580e+00
1.171258364979051e-04	-4.095615e+00
1.176141177479051e-04	-3.971618e+00
1.181023989979051e-04	-3.850646e+00
1.185906802479051e-04	-3.732735e+00
1.190789614979051e-04	-3.617900e+00
1.195672427479051e-04	-3.506140e+00
1.200555239979051e-04	-3.397439e+00
1.205438052479051e-04	-3.291772e+00
1.210320864979051e-04	-3.189104e+00
1.215203677479051e-04	-3.089390e+00
1.220086489979051e-04	-2.992582e+00
1.224969302479051e-04	-2.898626e+00
1.229852114979051e-04	-2.807463e+00
1.234734927479051e-04	-2.719034e+00
1.239617739979051e-04	-2.633276e+00
1.244500552479051e-04	-2.550125e+00
1.249383364979051e-04	-2.469514e+00
1.254266177479051e-04	-2.391380e+00
1.259148989979051e-04	-2.315656e+00
1.264031802479051e-04	-2.242276e+00
1.268914614979051e-04	-2.171176e+00
1.273797427479051e-04	-2.102291e+00
1.278680239979051e-04	-2.035558e+00
1.283563052479051e-04	-1.970915e+00
1.288445864979051e-04	-1.908300e+00
1.293328677479051e-04	-1.847653e+00
1.298211489979051e-04	-1.788915e+00
1.303094302479051e-04	-1.732029e+00
1.307977114979051e-04	-1.676938e+00
1.312859927479051e-04	-1.623588e+00
1.317742739979051e-04	-1.571926e+00
1.322625552479051e-04	-1.521899e+00
1.327508364979051e-04	-1.473457e+00
1.332391177479051e-04	-1.426550e+00
1.337273989979051e-04	-1.381132e+00
1.342156802479051e-04	-1.337155e+00
1.347039614979051e-04	-1.294574e+00
1.351922427479051e-04	-1.253346e+00
1.356805239979051e-04	-1.213428e+00
1.361688052479051e-04	-1.174779e+00
1.366570864979051e-04	-1.137358e+00
1.371453677479051e-04	-1.101128e+00
1.376336489979051e-04	-1.066051e+00
1.381219302479051e-04	-1.032089e+00
1.386102114979051e-04	-9.992083e-01
1.390984927479051e-04	-9.673740e-01
1.395867739979051e-04	-9.365532e-01
1.400750552479051e-04	-9.067135e-01
1.405633364979051e-04	-8.778241e-01
1.410516177479051e-04	-8.498545e-01
1.415398989979051e-04	-8.227756e-01
1.420281802479051e-04	-7.965592e-01
1.425164614979051e-04	-7.711777e-01
1.430047427479051e-04	-7.466047e-01
1.434930239979051e-04	-7.228145e-01
1.439813052479051e-04	-6.997821e-01
1.444695864979051e-04	-6.774835e-01
1.449578677479051e-04	-6.558952e-01
1.454461489979051e-04	-6.349947e-01
1.459344302479051e-04	-6.147602e-01
1.464227114979051e-04	-5.951703e-01
1.469109927479051e-04	-5.762045e-01
1.473992739979051e-04	-5.578431e-01
1.478875552479051e-04	-5.400667e-01
1.483758364979051e-04	-5.228568e-01
1.488641177479051e-04	-5.061952e-01
1.493523989979051e-04	-4.900645e-01
1.498406802479051e-04	-4.744478e-01
1.503289614979051e-04	-4.593287e-01
1.508172427479051e-04	-4.446914e-01
1.513055239979051e-04	-4.305205e-01
1.517938052479051e-04	-4.168012e-01
1.522820864979051e-04	-4.035190e-01
1.527703677479051e-04	-3.906601e-01
1.532586489979051e-04	-3.782110e-01
1.537469302479051e-04	-3.661586e-01
1.542352114979051e-04	-3.544902e-01
1.547234927479051e-04	-3.431937e-01
1.552117739979051e-04	-3.322571e-01
1.557000552479051e-04	-3.216690e-01
1.561883364979051e-04	-3.114184e-01
1.566766177479051e-04	-3.014944e-01
1.571648989979051e-04	-2.918867e-01
1.576531802479051e-04	-2.825851e-01
1.581414614979051e-04	-2.735799e-01
1.586297427479051e-04	-2.648617e-01
1.591180239979051e-04	-2.564214e-01
1.596063052479051e-04	-2.482499e-01
1.600945864979051e-04	-2.403389e-01
1.605828677479051e-04	-2.326800e-01
1.610711489979051e-04	-2.252652e-01
1.615594302479051e-04	-2.180866e-01
1.620477114979052e-04	-2.111368e-01
1.625359927479052e-04	-2.044085e-01
1.630242739979052e-04	-1.978946e-01
1.635125552479052e-04	-1.915883e-01
1.640008364979052e-04	-1.854829e-01
1.644891177479052e-04	-1.795721e-01
1.649773989979052e-04	-1.738496e-01
1.654656802479052e-04	-1.683095e-01
1.659539614979052e-04	-1.629460e-01
1.664422427479052e-04	-1.577534e-01
1.669305239979052e-04	-1.527262e-01
1.674188052479052e-04	-1.478593e-01
1.679070864979052e-04	-1.431474e-01
1.683953677479052e-04	-1.385857e-01
1.688836489979052e-04	-1.341694e-01
1.693719302479052e-04	-1.298938e-01
1.698602114979052e-04	-1.257544e-01
1.703484927479052e-04	-1.217470e-01
1.708367739979052e-04	-1.178673e-01
1.713250552479052e-04	-1.141112e-01
1.718133364979052e-04	-1.104748e-01
1.723016177479052e-04	-1.069543e-01
1.727898989979052e-04	-1.035459e-01
1.732781802479052e-04	-1.002462e-01
1.737664614979052e-04	-9.705165e-02
1.742547427479052e-04	-9.395888e-02
1.747430239979052e-04	-9.096468e-02
1.752313052479052e-04	-8.806590e-02
1.757195864979052e-04	-8.525949e-02
1.762078677479052e-04	-8.254251e-02
1.766961489979052e-04	-7.991211e-02
1.771844302479052e-04	-7.736554e-02
1.776727114979052e-04	-7.490012e-02
1.781609927479052e-04	-7.251327e-02
1.786492739979052e-04	-7.020248e-02
1.791375552479052e-04	-6.796532e-02
1.796258364979052e-04	-6.579946e-02
1.801141177479052e-04	-6.370262e-02
1.806023989979052e-04	-6.167259e-02
1.810906802479052e-04	-5.970727e-02
1.815789614979052e-04	-5.780457e-02
1.820672427479052e-04	-5.596250e-02
1.825555239979052e-04	-5.417913e-02
1.830438052479052e-04	-5.245259e-02
1.835320864979052e-04	-5.078108e-02
1.840203677479052e-04	-4.916283e-02
1.845086489979052e-04	-4.759615e-02
1.849969302479052e-04	-4.607940e-02
1.854852114979052e-04	-4.461098e-02
1.859734927479052e-04	-4.318935e-02
1.864617739979052e-04	-4.181303e-02
1.869500552479052e-04	-4.048057e-02
1.874383364979052e-04	-3.919057e-02
1.879266177479052e-04	-3.794168e-02
1.884148989979052e-04	-3.673258e-02
1.889031802479052e-04	-3.556202e-02
1.893914614979052e-04	-3.442876e-02
1.898797427479052e-04	-3.333161e-02
1.903680239979052e-04	-3.226943e-02
1.908563052479052e-04	-3.124109e-02
1.913445864979052e-04	-3.024553e-02
1.918328677479052e-04	-2.928169e-02
1.923211489979052e-04	-2.834856e-02
1.928094302479052e-04	-2.744517e-02
1.932977114979052e-04	-2.657058e-02
1.937859927479052e-04	-2.572385e-02
1.942742739979052e-04	-2.490410e-02
1.947625552479052e-04	-2.411048e-02
1.952508364979052e-04	-2.334215e-02
1.957391177479052e-04	-2.259830e-02
1.962273989979052e-04	-2.187815e-02
1.967156802479052e-04	-2.118096e-02
1.972039614979052e-04	-2.050598e-02
1.976922427479052e-04	-1.985252e-02
1.981805239979052e-04	-1.921987e-02
1.986688052479052e-04	-1.860739e-02
1.991570864979052e-04	-1.801442e-02
1.996453677479052e-04	-1.744035e-02
2.000000000000000e-04	-1.703495e-02
2.000000010000000e-04	1.391901e+00
2.000000169999999e-04	1.391951e+00
2.000000489999998e-04	1.392052e+00
2.000001129999995e-04	1.392252e+00
2.000002409999990e-04	1.392653e+00
2.000004969999980e-04	1.393455e+00
2.000010089999960e-04	1.395058e+00
2.000020329999919e-04	1.398263e+00
2.000040809999837e-04	1.404670e+00
2.000081769999673e-04	1.417468e+00
2.000163689999346e-04	1.443005e+00
2.000327529998691e-04	1.493840e+00
2.000655209997382e-04	1.594564e+00
2.001310569994763e-04	1.792270e+00
2.002621289989526e-04	2.173112e+00
2.005242729979051e-04	2.879498e+00
2.010125542479051e-04	4.017095e+00
2.015008354979051e-04	4.949258e+00
2.019891167479051e-04	5.706563e+00
2.024773979979051e-04	6.315197e+00
2.029656792479051e-04	6.797585e+00
2.034539604979051e-04	7.172927e+00
2.039422417479051e-04	7.457654e+00
2.044305229979051e-04	7.665823e+00
2.049188042479051e-04	7.809459e+00
2.054070854979051e-04	7.898842e+00
2.058953667479051e-04	7.942756e+00
2.063836479979051e-04	7.948703e+00
2.068719292479051e-04	7.923086e+00
2.073602104979051e-04	7.871368e+00
2.078484917479051e-04	7.798203e+00
2.083367729979051e-04	7.707554e+00
2.088250542479051e-04	7.602793e+00
2.093133354979051e-04	7.486784e+00
2.098016167479051e-04	7.361959e+00
2.102898979979051e-04	7.230373e+00
2.107781792479051e-04	7.093768e+00
2.112664604979051e-04	6.953613e+00
2.117547417479051e-04	6.811143e+00
2.122430229979051e-04	6.667395e+00
2.127313042479051e-04	6.523235e+00
2.132195854979051e-04	6.379387e+00
2.137078667479051e-04	6.236448e+00
2.141961479979051e-04	6.094912e+00
2.146844292479051e-04	5.955180e+00
2.151727104979051e-04	5.817581e+00
2.156609917479051e-04	5.682376e+00
2.161492729979051e-04	5.549771e+00
2.166375542479051e-04	5.419926e+00
2.171258354979051e-04	5.292961e+00
2.176141167479051e-04	5.168963e+00
2.181023979979051e-04	5.047991e+00
2.185906792479051e-04	4.930079e+00
2.190789604979051e-04	4.815244e+00
2.195672417479051e-04	4.703484e+00
2.200555229979051e-04	4.594783e+00
2.205438042479051e-04	4.489116e+00
2.210320854979051e-04	4.386447e+00
2.215203667479051e-04	4.286733e+00
2.220086479979051e-04	4.189925e+00
2.224969292479051e-04	4.095969e+00
2.229852104979051e-04	4.004806e+00
2.234734917479051e-04	3.916377e+00
2.239617729979051e-04	3.830619e+00
2.244500542479051e-04	3.747467e+00
2.249383354979051e-04	3.666857e+00
2.254266167479051e-04	3.588722e+00
2.259148979979051e-04	3.512998e+00
2.264031792479051e-04	3.439618e+00
2.268914604979051e-04	3.368518e+00
2.273797417479051e-04	3.299633e+00
2.278680229979051e-04	3.232900e+00
2.283563042479051e-04	3.168257e+00
2.288445854979051e-04	3.105641e+00
2.293328667479051e-04	3.044994e+00
2.298211479979051e-04	2.986256e+00
2.303094292479051e-04	2.929370e+00
2.307977104979051e-04	2.874279e+00
2.312859917479051e-04	2.820929e+00
2.317742729979051e-04	2.769267e+00
2.322625542479051e-04	2.719240e+00
2.327508354979051e-04	2.670797e+00
2.332391167479051e-04	2.623891e+00
2.337273979979051e-04	2.578472e+00
2.342156792479051e-04	2.534495e+00
2.347039604979051e-04	2.491914e+00
2.351922417479051e-04	2.450686e+00
2.356805229979051e-04	2.410768e+00
2.361688042479051e-04	2.372119e+00
2.366570854979051e-04	2.334698e+00
2.371453667479051e-04	2.298468e+00
2.376336479979051e-04	2.263391e+00
2.381219292479051e-04	2.229429e+00
2.386102104979051e-04	2.196548e+00
2.390984917479051e-04	2.164714e+00
2.395867729979051e-04	2.133893e+00
2.400750542479051e-04	2.104053e+00
2.405633354979051e-04	2.075164e+00
2.410516167479051e-04	2.047194e+00
2.415398979979051e-04	2.020115e+00
2.420281792479051e-04	1.993899e+00
2.425164604979051e-04	1.968517e+00
2.430047417479051e-04	1.943944e+00
2.434930229979051e-04	1.920154e+00
2.439813042479051e-04	1.897121e+00
2.444695854979051e-04	1.874823e+00
2.449578667479051e-04	1.853234e+00
2.454461479979051e-04	1.832334e+00
2.459344292479051e-04	1.812099e+00
2.464227104979051e-04	1.792509e+00
2.469109917479051e-04	1.773544e+00
2.473992729979051e-04	1.755182e+00
2.478875542479051e-04	1.737406e+00
2.483758354979051e-04	1.720196e+00
2.488641167479051e-04	1.703534e+00
2.493523979979051e-04	1.687403e+00
2.498406792479051e-04	1.671787e+00
2.503289604979051e-04	1.656668e+00
2.508172417479051e-04	1.642030e+00
2.513055229979051e-04	1.627859e+00
2.517938042479051e-04	1.614140e+00
2.522820854979051e-04	1.600858e+00
2.527703667479051e-04	1.587999e+00
2.532586479979051e-04	1.575550e+00
2.537469292479051e-04	1.563497e+00
2.542352104979051e-04	1.551829e+00
2.547234917479051e-04	1.540532e+00
2.552117729979051e-04	1.529596e+00
2.557000542479051e-04	1.519008e+00
2.561883354979051e-04	1.508757e+00
2.566766167479051e-04	1.498833e+00
2.571648979979051e-04	1.489225e+00
2.576531792479051e-04	1.479924e+00
2.581414604979051e-04	1.470919e+00
2.586297417479051e-04	1.462200e+00
2.591180229979051e-04	1.453760e+00
2.596063042479051e-04	1.445588e+00
2.600945854979051e-04	1.437677e+00
2.605828667479051e-04	1.430019e+00
2.610711479979051e-04	1.422604e+00
2.615594292479051e-04	1.415425e+00
2.620477104979051e-04	1.408475e+00
2.625359917479051e-04	1.401747e+00
2.630242729979051e-04	1.395233e+00
2.635125542479051e-04	1.388927e+00
2.640008354979051e-04	1.382821e+00
2.644891167479051e-04	1.376910e+00
2.649773979979051e-04	1.371188e+00
2.654656792479051e-04	1.365648e+00
2.659539604979051e-04	1.360284e+00
2.664422417479051e-04	1.355092e+00
2.669305229979051e-04	1.350065e+00
2.674188042479052e-04	1.345198e+00
2.679070854979052e-04	1.340486e+00
2.683953667479052e-04	1.335924e+00
2.688836479979052e-04	1.331508e+00
2.693719292479052e-04	1.327232e+00
2.698602104979052e-04	1.323093e+00
2.703484917479052e-04	1.319085e+00
2.708367729979052e-04	1.315206e+00
2.713250542479052e-04	1.311449e+00
2.718133354979052e-04	1.307813e+00
2.723016167479052e-04	1.304293e+00
2.727898979979052e-04	1.300884e+00
2.732781792479052e-04	1.297584e+00
2.737664604979052e-04	1.294390e+00
2.742547417479052e-04	1.291297e+00
2.747430229979052e-04	1.288303e+00
2.752313042479052e-04	1.285404e+00
2.757195854979052e-04	1.282598e+00
2.762078667479052e-04	1.279881e+00
2.766961479979052e-04	1.277250e+00
2.771844292479052e-04	1.274704e+00
2.776727104979052e-04	1.272238e+00
2.781609917479052e-04	1.269851e+00
2.786492729979052e-04	1.267541e+00
2.791375542479052e-04	1.265303e+00
2.796258354979052e-04	1.263138e+00
2.801141167479052e-04	1.261041e+00
2.806023979979052e-04	1.259011e+00
2.810906792479052e-04	1.257045e+00
2.815789604979052e-04	1.255143e+00
2.820672417479052e-04	1.253301e+00
2.825555229979052e-04	1.251517e+00
2.830438042479052e-04	1.249791e+00
2.835320854979052e-04	1.248119e+00
2.840203667479052e-04	1.246501e+00
2.845086479979052e-04	1.244934e+00
2.849969292479052e-04	1.243418e+00
2.854852104979052e-04	1.241949e+00
2.859734917479052e-04	1.240528e+00
2.864617729979052e-04	1.239151e+00
2.869500542479052e-04	1.237819e+00
2.874383354979052e-04	1.236529e+00
2.879266167479052e-04	1.235280e+00
2.884148979979052e-04	1.234071e+00
2.889031792479052e-04	1.232900e+00
2.893914604979052e-04	1.231767e+00
2.898797417479052e-04	1.230670e+00
2.903680229979052e-04	1.229608e+00
2.908563042479052e-04	1.228579e+00
2.913445854979052e-04	1.227584e+00
2.918328667479052e-04	1.226620e+00
2.923211479979052e-04	1.225687e+00
2.928094292479052e-04	1.224783e+00
2.932977104979052e-04	1.223909e+00
2.937859917479052e-04	1.223062e+00
2.942742729979052e-04	1.222242e+00
2.947625542479052e-04	1.221449e+00
2.952508354979052e-04	1.220680e+00
2.957391167479052e-04	1.219936e+00
2.962273979979052e-04	1.219216e+00
2.967156792479052e-04	1.218519e+00
2.972039604979052e-04	1.217844e+00
2.976922417479052e-04	1.217191e+00
2.981805229979052e-04	1.216558e+00
2.986688042479052e-04	1.215945e+00
2.991570854979052e-04	1.215353e+00
2.996453667479052e-04	1.214778e+00
3.000000010000000e-04	1.214373e+00
3.000000020000000e-04	-1.945632e-01
3.000000179999999e-04	-1.946133e-01
3.000000499999998e-04	-1.947136e-01
3.000001139999995e-04	-1.949140e-01
3.000002419999990e-04	-1.953149e-01
3.000004979999980e-04	-1.961165e-01
3.000010099999959e-04	-1.977196e-01
3.000020339999918e-04	-2.009248e-01
3.000040819999837e-04	-2.073315e-01
3.000081779999673e-04	-2.201298e-01
3.000163699999346e-04	-2.456668e-01
3.000327539998691e-04	-2.965022e-01
3.000655219997382e-04	-3.972254e-01
3.001310579994763e-04	-5.949318e-01
3.002621299989526e-04	-9.757740e-01
3.005242739979051e-04	-1.682160e+00
3.010125552479051e-04	-2.819757e+00
3.015008364979051e-04	-3.751920e+00
3.019891177479051e-04	-4.509224e+00
3.024773989979051e-04	-5.117859e+00
3.029656802479051e-04	-5.600247e+00
3.034539614979051e-04	-5.975589e+00
3.039422427479051e-04	-6.260315e+00
3.044305239979051e-04	-6.468485e+00
3.049188052479051e-04	-6.612121e+00
3.054070864979051e-04	-6.701504e+00
3.058953677479051e-04	-6.745418e+00
3.063836489979051e-04	-6.751365e+00
3.068719302479051e-04	-6.725748e+00
3.073602114979051e-04	-6.674030e+00
3.078484927479051e-04	-6.600864e+00
3.083367739979051e-04	-6.510216e+00
3.088250552479051e-04	-6.405455e+00
3.093133364979051e-04	-6.289446e+00
3.098016177479051e-04	-6.164620e+00
3.102898989979051e-04	-6.033035e+00
3.107781802479051e-04	-5.896430e+00
3.112664614979051e-04	-5.756275e+00
3.117547427479051e-04	-5.613805e+00
3.122430239979051e-04	-5.470057e+00
3.127313052479051e-04	-5.325897e+00
3.132195864979051e-04	-5.182049e+00
3.137078677479051e-04	-5.039110e+00
3.141961489979051e-04	-4.897573e+00
3.146844302479051e-04	-4.757843e+00
3.151727114979051e-04	-4.620243e+00
3.156609927479051e-04	-4.485038e+00
3.161492739979051e-04	-4.352433e+00
3.166375552479051e-04	-4.222588e+00
3.171258364979051e-04	-4.095623e+00
3.176141177479051e-04	-3.971625e+00
3.181023989979051e-04	-3.850653e+00
3.185906802479051e-04	-3.732741e+00
3.190789614979051e-04	-3.617906e+00
3.195672427479051e-04	-3.506146e+00
3.200555239979051e-04	-3.397445e+00
3.205438052479051e-04	-3.291778e+00
3.210320864979051e-04	-3.189109e+00
3.215203677479051e-04	-3.089395e+00
3.220086489979051e-04	-2.992587e+00
3.224969302479051e-04	-2.898631e+00
3.229852114979051e-04	-2.807468e+00
3.234734927479051e-04	-2.719039e+00
3.239617739979051e-04	-2.633281e+00
3.244500552479051e-04	-2.550129e+00
3.249383364979051e-04	-2.469519e+00
3.254266177479051e-04	-2.391384e+00
3.259148989979051e-04	-2.315660e+00
3.264031802479051e-04	-2.242280e+00
3.268914614979051e-04	-2.171180e+00
3.273797427479051e-04	-2.102295e+00
3.278680239979051e-04	-2.035562e+00
3.283563052479051e-04	-1.970919e+00
3.288445864979051e-04	-1.908303e+00
3.293328677479051e-04	-1.847656e+00
3.298211489979051e-04	-1.788918e+00
3.303094302479051e-04	-1.732032e+00
3.307977114979051e-04	-1.676941e+00
3.312859927479051e-04	-1.623591e+00
3.317742739979051e-04	-1.571929e+00
3.322625552479051e-04	-1.521901e+00
3.327508364979051e-04	-1.473459e+00
3.332391177479051e-04	-1.426553e+00
3.337273989979051e-04	-1.381134e+00
3.342156802479051e-04	-1.337157e+00
3.347039614979051e-04	-1.294576e+00
3.351922427479051e-04	-1.253348e+00
3.356805239979051e-04	-1.213430e+00
3.361688052479051e-04	-1.174781e+00
3.366570864979051e-04	-1.137360e+00
3.371453677479051e-04	-1.101130e+00
3.376336489979051e-04	-1.066052e+00
3.381219302479051e-04	-1.032091e+00
3.386102114979051e-04	-9.992100e-01
3.390984927479051e-04	-9.673757e-01
3.395867739979051e-04	-9.365548e-01
3.400750552479051e-04	-9.067152e-01
3.405633364979051e-04	-8.778256e-01
3.410516177479051e-04	-8.498560e-01
3.415398989979051e-04	-8.227770e-01
3.420281802479051e-04	-7.965605e-01
3.425164614979051e-04	-7.711790e-01
3.430047427479051e-04	-7.466060e-01
3.434930239979051e-04	-7.228158e-01
3.439813052479051e-04	-6.997833e-01
3.444695864979051e-04	-6.774846e-01
3.449578677479051e-04	-6.558964e-01
3.454461489979051e-04	-6.349959e-01
3.459344302479051e-04	-6.147612e-01
3.464227114979051e-04	-5.951713e-01
3.469109927479051e-04	-5.762056e-01
3.473992739979051e-04	-5.578441e-01
3.478875552479051e-04	-5.400677e-01
3.483758364979051e-04	-5.228577e-01
3.488641177479051e-04	-5.061960e-01
3.493523989979051e-04	-4.900653e-01
3.498406802479051e-04	-4.744486e-01
3.503289614979051e-04	-4.593295e-01
3.508172427479051e-04	-4.446922e-01
3.513055239979051e-04	-4.305212e-01
3.517938052479051e-04	-4.168019e-01
3.522820864979051e-04	-4.035197e-01
3.527703677479051e-04	-3.906608e-01
3.532586489979051e-04	-3.782116e-01
3.537469302479051e-04	-3.661592e-01
3.542352114979051e-04	-3.544908e-01
3.547234927479051e-04	-3.431942e-01
3.552117739979051e-04	-3.322577e-01
3.557000552479051e-04	-3.216696e-01
3.561883364979051e-04	-3.114190e-01
3.566766177479051e-04	-3.014949e-01
3.571648989979051e-04	-2.918872e-01
3.576531802479051e-04	-2.825856e-01
3.581414614979051e-04	-2.735804e-01
3.586297427479051e-04	-2.648622e-01
3.591180239979051e-04	-2.564218e-01
3.596063052479051e-04	-2.482504e-01
3.600945864979051e-04	-2.403394e-01
3.605828677479051e-04	-2.326804e-01
3.610711489979051e-04	-2.252656e-01
3.615594302479051e-04	-2.180870e-01
3.620477114979051e-04	-2.111372e-01
3.625359927479051e-04	-2.044089e-01
3.630242739979051e-04	-1.978949e-01
3.635125552479051e-04	-1.915886e-01
3.640008364979051e-04	-1.854832e-01
3.644891177479051e-04	-1.795724e-01
3.649773989979051e-04	-1.738499e-01
3.654656802479051e-04	-1.683098e-01
3.659539614979051e-04	-1.629463e-01
3.664422427479051e-04	-1.577536e-01
3.669305239979051e-04	-1.527265e-01
3.674188052479051e-04	-1.478595e-01
3.679070864979051e-04	-1.431476e-01
3.683953677479051e-04	-1.385859e-01
3.688836489979051e-04	-1.341696e-01
3.693719302479051e-04	-1.298940e-01
3.698602114979051e-04	-1.257547e-01
3.703484927479051e-04	-1.217472e-01
3.708367739979051e-04	-1.178675e-01
3.713250552479051e-04	-1.141114e-01
3.718133364979051e-04	-1.104750e-01
3.723016177479051e-04	-1.069544e-01
3.727898989979051e-04	-1.035461e-01
3.732781802479051e-04	-1.002464e-01
3.737664614979051e-04	-9.705181e-02
3.742547427479051e-04	-9.395905e-02
3.747430239979051e-04	-9.096484e-02
3.752313052479051e-04	-8.806605e-02
3.757195864979051e-04	-8.525963e-02
3.762078677479051e-04	-8.254265e-02
3.766961489979051e-04	-7.991225e-02
3.771844302479051e-04	-7.736567e-02
3.776727114979051e-04	-7.490025e-02
3.781609927479051e-04	-7.251339e-02
3.786492739979051e-04	-7.020260e-02
3.791375552479051e-04	-6.796544e-02
3.796258364979051e-04	-6.579957e-02
3.801141177479051e-04	-6.370272e-02
3.806023989979051e-04	-6.167270e-02
3.810906802479051e-04	-5.970737e-02
3.815789614979052e-04	-5.780466e-02
3.820672427479052e-04	-5.596259e-02
3.825555239979052e-04	-5.417923e-02
3.830438052479052e-04	-5.245269e-02
3.835320864979052e-04	-5.078117e-02
3.840203677479052e-04	-4.916292e-02
3.845086489979052e-04	-4.759623e-02
3.849969302479052e-04	-4.607948e-02
3.854852114979052e-04	-4.461106e-02
3.859734927479052e-04	-4.318943e-02
3.864617739979052e-04	-4.181310e-02
3.869500552479052e-04	-4.048064e-02
3.874383364979052e-04	-3.919064e-02
3.879266177479052e-04	-3.794174e-02
3.884148989979052e-04	-3.673264e-02
3.889031802479052e-04	-3.556208e-02
3.893914614979052e-04	-3.442882e-02
3.898797427479052e-04	-3.333167e-02
3.903680239979052e-04	-3.226948e-02
3.908563052479052e-04	-3.124115e-02
3.913445864979052e-04	-3.024558e-02
3.918328677479052e-04	-2.928174e-02
3.923211489979052e-04	-2.834861e-02
3.928094302479052e-04	-2.744522e-02
3.932977114979052e-04	-2.657062e-02
3.937859927479052e-04	-2.572389e-02
3.942742739979052e-04	-2.490414e-02
3.947625552479052e-04	-2.411052e-02
3.952508364979052e-04	-2.334218e-02
3.957391177479052e-04	-2.259834e-02
3.962273989979052e-04	-2.187819e-02
3.967156802479052e-04	-2.118099e-02
3.972039614979052e-04	-2.050602e-02
3.976922427479052e-04	-1.985255e-02
3.981805239979052e-04	-1.921991e-02
3.986688052479052e-04	-1.860742e-02
3.991570864979052e-04	-1.801446e-02
3.996453677479052e-04	-1.744039e-02
4.000000000000000e-04	-1.703501e-02
4.000000010000000e-04	1.391901e+00
4.000000169999999e-04	1.391951e+00
4.000000489999998e-04	1.392052e+00
4.000001129999995e-04	1.392252e+00
4.000002409999990e-04	1.392653e+00
4.000004969999980e-04	1.393455e+00
4.000010089999959e-04	1.395058e+00
4.000020329999918e-04	1.398263e+00
4.000040809999837e-04	1.404670e+00
4.000081769999673e-04	1.417468e+00
4.000163689999346e-04	1.443005e+00
4.000327529998691e-04	1.493840e+00
4.000655209997382e-04	1.594563e+00
4.001310569994763e-04	1.792270e+00
4.002621289989525e-04	2.173112e+00
4.005242729979051e-04	2.879498e+00
4.010125542479051e-04	4.017095e+00
4.015008354979051e-04	4.949258e+00
4.019891167479051e-04	5.706563e+00
4.024773979979051e-04	6.315197e+00
4.029656792479051e-04	6.797585e+00
4.034539604979051e-04	7.172927e+00
4.039422417479051e-04	7.457654e+00
4.044305229979051e-04	7.665823e+00
4.049188042479051e-04	7.809459e+00
4.054070854979051e-04	7.898842e+00
4.058953667479051e-04	7.942756e+00
4.063836479979051e-04	7.948703e+00
4.068719292479051e-04	7.923086e+00
4.073602104979051e-04	7.871368e+00
4.078484917479051e-04	7.798203e+00
4.083367729979051e-04	7.707554e+00
4.088250542479051e-04	7.602793e+00
4.093133354979051e-04	7.486784e+00
4.098016167479051e-04	7.361959e+00
4.102898979979051e-04	7.230373e+00
4.107781792479051e-04	7.093768e+00
4.112664604979051e-04	6.953613e+00
4.117547417479051e-04	6.811143e+00
4.122430229979051e-04	6.667395e+00
4.127313042479051e-04	6.523235e+00
4.132195854979051e-04	6.379387e+00
4.137078667479051e-04	6.236448e+00
4.141961479979051e-04	6.094912e+00
4.146844292479051e-04	5.955180e+00
4.151727104979051e-04	5.817581e+00
4.156609917479051e-04	5.682376e+00
4.161492729979051e-04	5.549771e+00
4.166375542479051e-04	5.419926e+00
4.171258354979051e-04	5.292961e+00
4.176141167479051e-04	5.168963e+00
4.181023979979051e-04	5.047991e+00
4.185906792479051e-04	4.930079e+00
4.190789604979051e-04	4.815244e+00
4.195672417479051e-04	4.703484e+00
4.200555229979051e-04	4.594783e+00
4.205438042479051e-04	4.489116e+00
4.210320854979051e-04	4.386447e+00
4.215203667479051e-04	4.286733e+00
4.220086479979051e-04	4.189925e+00
4.224969292479051e-04	4.095969e+00
4.229852104979051e-04	4.004806e+00
4.234734917479051e-04	3.916377e+00
4.239617729979051e-04	3.830619e+00
4.244500542479051e-04	3.747467e+00
4.249383354979051e-04	3.666857e+00
4.254266167479051e-04	3.588722e+00
4.259148979979051e-04	3.512998e+00
4.264031792479051e-04	3.439618e+00
4.268914604979051e-04	3.368518e+00
4.273797417479051e-04	3.299633e+00
4.278680229979051e-04	3.232900e+00
4.283563042479051e-04	3.168257e+00
4.288445854979051e-04	3.105641e+00
4.293328667479051e-04	3.044994e+00
4.298211479979051e-04	2.986256e+00
4.303094292479051e-04	2.929370e+00
4.307977104979051e-04	2.874279e+00
4.312859917479051e-04	2.820929e+00
4.317742729979051e-04	2.769267e+00
4.322625542479051e-04	2.719240e+00
4.327508354979051e-04	2.670797e+00
4.332391167479051e-04	2.623891e+00
4.337273979979051e-04	2.578472e+00
4.342156792479051e-04	2.534495e+00
4.347039604979051e-04	2.491914e+00
4.351922417479051e-04	2.450686e+00
4.356805229979051e-04	2.410768e+00
4.361688042479051e-04	2.372119e+00
4.366570854979051e-04	2.334698e+00
4.371453667479051e-04	2.298468e+00
4.376336479979051e-04	2.263391e+00
4.381219292479051e-04	2.229429e+00
4.386102104979051e-04	2.196548e+00
4.390984917479051e-04	2.164714e+00
4.395867729979051e-04	2.133893e+00
4.400750542479051e-04	2.104053e+00
4.405633354979051e-04	2.075164e+00
4.410516167479051e-04	2.047194e+00
4.415398979979051e-04	2.020115e+00
4.420281792479051e-04	1.993899e+00
4.425164604979051e-04	1.968517e+00
4.430047417479051e-04	1.943944e+00
4.434930229979051e-04	1.920154e+00
4.439813042479051e-04	1.897121e+00
4.444695854979051e-04	1.874823e+00
4.449578667479051e-04	1.853234e+00
4.454461479979051e-04	1.832334e+00
4.459344292479051e-04	1.812099e+00
4.464227104979051e-04	1.792509e+00
4.469109917479051e-04	1.773544e+00
4.473992729979051e-04	1.755182e+00
4.478875542479051e-04	1.737406e+00
4.483758354979051e-04	1.720196e+00
4.488641167479051e-04	1.703534e+00
4.493523979979051e-04	1.687403e+00
4.498406792479051e-04	1.671787e+00
4.503289604979051e-04	1.656668e+00
4.508172417479051e-04	1.642030e+00
4.513055229979051e-04	1.627859e+00
4.517938042479051e-04	1.614140e+00
4.522820854979051e-04	1.600858e+00
4.527703667479051e-04	1.587999e+00
4.532586479979051e-04	1.575550e+00
4.537469292479051e-04	1.563497e+00
4.542352104979051e-04	1.551829e+00
4.547234917479051e-04	1.540532e+00
4.552117729979051e-04	1.529596e+00
4.557000542479051e-04	1.519008e+00
4.561883354979051e-04	1.508757e+00
4.566766167479051e-04	1.498833e+00
4.571648979979051e-04	1.489225e+00
4.576531792479051e-04	1.479924e+00
4.581414604979051e-04	1.470919e+00
4.586297417479051e-04	1.462200e+00
4.591180229979051e-04	1.453760e+00
4.596063042479051e-04	1.445588e+00
4.600945854979051e-04	1.437677e+00
4.605828667479051e-04	1.430019e+00
4.610711479979051e-04	1.422604e+00
4.615594292479051e-04	1.415425e+00
4.620477104979051e-04	1.408475e+00
4.625359917479051e-04	1.401747e+00
4.630242729979051e-04	1.395233e+00
4.635125542479051e-04	1.388927e+00
4.640008354979051e-04	1.382821e+00
4.644891167479051e-04	1.376910e+00
4.649773979979051e-04	1.371188e+00
4.654656792479051e-04	1.365648e+00
4.659539604979051e-04	1.360284e+00
4.664422417479051e-04	1.355092e+00
4.669305229979051e-04	1.350065e+00
4.674188042479051e-04	1.345198e+00
4.679070854979051e-04	1.340486e+00
4.683953667479051e-04	1.335924e+00
4.688836479979051e-04	1.331508e+00
4.693719292479051e-04	1.327232e+00
4.698602104979051e-04	1.323093e+00
4.703484917479051e-04	1.319085e+00
4.708367729979051e-04	1.315206e+00
4.713250542479051e-04	1.311449e+00
4.718133354979051e-04	1.307813e+00
4.723016167479051e-04	1.304293e+00
4.727898979979051e-04	1.300884e+00
4.732781792479051e-04	1.297584e+00
4.737664604979051e-04	1.294390e+00
4.742547417479051e-04	1.291297e+00
4.747430229979051e-04	1.288303e+00
4.752313042479051e-04	1.285404e+00
4.757195854979051e-04	1.282598e+00
4.762078667479051e-04	1.279881e+00
4.766961479979051e-04	1.277250e+00
4.771844292479051e-04	1.274704e+00
4.776727104979051e-04	1.272238e+00
4.781609917479051e-04	1.269851e+00
4.786492729979051e-04	1.267541e+00
4.791375542479051e-04	1.265303e+00
4.796258354979051e-04	1.263138e+00
4.801141167479051e-04	1.261041e+00
4.806023979979051e-04	1.259011e+00
4.810906792479051e-04	1.257045e+00
4.815789604979051e-04	1.255143e+00
4.820672417479051e-04	1.253301e+00
4.825555229979051e-04	1.251517e+00
4.830438042479051e-04	1.249791e+00
4.835320854979051e-04	1.248119e+00
4.840203667479051e-04	1.246501e+00
4.845086479979051e-04	1.244934e+00
4.849969292479051e-04	1.243418e+00
4.854852104979051e-04	1.241949e+00
4.859734917479051e-04	1.240528e+00
4.864617729979051e-04	1.239151e+00
4.869500542479052e-04	1.237819e+00
4.874383354979052e-04	1.236529e+00
4.879266167479052e-04	1.235280e+00
4.884148979979052e-04	1.234071e+00
4.889031792479051e-04	1.232900e+00
4.893914604979050e-04	1.231767e+00
4.898797417479050e-04	1.230670e+00
4.903680229979049e-04	1.229608e+00
4.908563042479049e-04	1.228579e+00
4.913445854979048e-04	1.227584e+00
4.918328667479048e-04	1.226620e+00
4.923211479979047e-04	1.225687e+00
4.928094292479047e-04	1.224783e+00
4.932977104979046e-04	1.223909e+00
4.937859917479046e-04	1.223062e+00
4.942742729979045e-04	1.222242e+00
4.947625542479045e-04	1.221449e+00
4.952508354979044e-04	1.220680e+00
4.957391167479043e-04	1.219936e+00
4.962273979979043e-04	1.219216e+00
4.967156792479042e-04	1.218519e+00
4.972039604979042e-04	1.217844e+00
4.976922417479041e-04	1.217191e+00
4.981805229979041e-04	1.216558e+00
4.986688042479040e-04	1.215945e+00
4.991570854979040e-04	1.215353e+00
4.996453667479039e-04	1.214778e+00
5.000000000000000e-04	1.214373e+00
