time	V(N001,N002)	V(N002,N003)
0.000000000000000e+00	0.000000e+00	0.000000e+00
9.765625114122045e-11	3.026736e-15	3.067961e-08
1.953125022824409e-10	9.049527e-15	6.135922e-08
3.906250045648818e-10	2.708722e-14	1.227184e-07
7.812500091297636e-10	9.911526e-14	2.454368e-07
1.562500018259527e-09	3.869819e-13	4.908734e-07
3.125000036519054e-09	1.537957e-12	9.817462e-07
6.250000073038109e-09	6.140869e-12	1.963489e-06
1.250000014607622e-08	2.455051e-11	3.926966e-06
2.500000029215244e-08	9.818475e-11	7.853883e-06
5.000000058430487e-08	3.927108e-10	1.570757e-05
1.000000011686097e-07	1.570775e-09	3.141435e-05
2.000000023372195e-07	6.282802e-09	6.282557e-05
4.000000046744390e-07	2.512928e-08	1.256386e-04
8.000000093488779e-07	1.005025e-07	2.512269e-04
1.600000018697756e-06	4.018947e-07	5.022529e-04
3.200000037395512e-06	1.606660e-06	1.003703e-03
6.400000074791024e-06	6.419302e-06	2.004199e-03
1.280000014958205e-05	2.561868e-05	3.995609e-03
2.256562514958205e-05	7.935591e-05	7.009785e-03
3.233125014958205e-05	1.623850e-04	9.994602e-03
4.209687514958205e-05	2.744205e-04	1.295032e-02
5.186250014958205e-05	4.151795e-04	1.587718e-02
6.162812514958205e-05	5.843814e-04	1.877546e-02
7.139375014958204e-05	7.817481e-04	2.164538e-02
8.115937514958204e-05	1.007004e-03	2.448720e-02
9.092500014958204e-05	1.259876e-03	2.730117e-02
1.006906251495820e-04	1.540093e-03	3.008753e-02
1.104562501495820e-04	1.847386e-03	3.284651e-02
1.202218751495820e-04	2.181490e-03	3.557835e-02
1.299875001495820e-04	2.542140e-03	3.828329e-02
1.397531251495820e-04	2.929075e-03	4.096156e-02
1.495187501495820e-04	3.342036e-03	4.361339e-02
1.592843751495820e-04	3.780765e-03	4.623901e-02
1.690500001495821e-04	4.245007e-03	4.883865e-02
1.788156251495821e-04	4.734511e-03	5.141253e-02
1.885812501495821e-04	5.249024e-03	5.396087e-02
1.983468751495821e-04	5.788300e-03	5.648389e-02
2.081125001495821e-04	6.352092e-03	5.898181e-02
2.178781251495821e-04	6.940154e-03	6.145484e-02
2.276437501495821e-04	7.552247e-03	6.390320e-02
2.374093751495821e-04	8.188129e-03	6.632710e-02
2.471750001495821e-04	8.847564e-03	6.872674e-02
2.569406251495821e-04	9.530314e-03	7.110233e-02
2.667062501495821e-04	1.023615e-02	7.345409e-02
2.764718751495821e-04	1.096483e-02	7.578221e-02
2.862375001495821e-04	1.171613e-02	7.808689e-02
2.960031251495821e-04	1.248983e-02	8.036833e-02
3.057687501495821e-04	1.328569e-02	8.262673e-02
3.155343751495822e-04	1.410349e-02	8.486229e-02
3.253000001495822e-04	1.494302e-02	8.707520e-02
3.350656251495822e-04	1.580404e-02	8.926564e-02
3.448312501495822e-04	1.668635e-02	9.143381e-02
3.545968751495822e-04	1.758972e-02	9.357991e-02
3.643625001495822e-04	1.851394e-02	9.570411e-02
3.741281251495822e-04	1.945880e-02	9.780659e-02
3.838937501495822e-04	2.042408e-02	9.988754e-02
3.936593751495822e-04	2.140958e-02	1.019471e-01
4.034250001495822e-04	2.241509e-02	1.039856e-01
4.131906251495822e-04	2.344040e-02	1.060030e-01
4.229562501495822e-04	2.448531e-02	1.079996e-01
4.327218751495823e-04	2.554962e-02	1.099756e-01
4.424875001495823e-04	2.663313e-02	1.119311e-01
4.522531251495823e-04	2.773563e-02	1.138664e-01
4.620187501495823e-04	2.885693e-02	1.157814e-01
4.717843751495823e-04	2.999683e-02	1.176765e-01
4.815500001495823e-04	3.115514e-02	1.195519e-01
4.913156251495823e-04	3.233167e-02	1.214075e-01
5.010812501495823e-04	3.352622e-02	1.232437e-01
5.108468751495823e-04	3.473861e-02	1.250606e-01
5.206125001495823e-04	3.596865e-02	1.268584e-01
5.303781251495823e-04	3.721615e-02	1.286371e-01
5.401437501495823e-04	3.848093e-02	1.303970e-01
5.499093751495823e-04	3.976280e-02	1.321383e-01
5.596750001495823e-04	4.106159e-02	1.338609e-01
5.694406251495823e-04	4.237710e-02	1.355653e-01
5.792062501495823e-04	4.370917e-02	1.372513e-01
5.889718751495823e-04	4.505762e-02	1.389194e-01
5.987375001495824e-04	4.642227e-02	1.405694e-01
6.085031251495824e-04	4.780294e-02	1.422017e-01
6.182687501495824e-04	4.919947e-02	1.438164e-01
6.280343751495824e-04	5.061167e-02	1.454135e-01
6.378000001495824e-04	5.203939e-02	1.469933e-01
6.475656251495824e-04	5.348245e-02	1.485559e-01
6.573312501495824e-04	5.494068e-02	1.501014e-01
6.670968751495824e-04	5.641393e-02	1.516300e-01
6.768625001495824e-04	5.790202e-02	1.531417e-01
6.866281251495824e-04	5.940478e-02	1.546368e-01
6.963937501495824e-04	6.092207e-02	1.561154e-01
7.061593751495824e-04	6.245371e-02	1.575775e-01
7.159250001495825e-04	6.399955e-02	1.590234e-01
7.256906251495825e-04	6.555943e-02	1.604532e-01
7.354562501495825e-04	6.713320e-02	1.618669e-01
7.452218751495825e-04	6.872069e-02	1.632648e-01
7.549875001495825e-04	7.032176e-02	1.646469e-01
7.647531251495825e-04	7.193623e-02	1.660134e-01
7.745187501495825e-04	7.356399e-02	1.673643e-01
7.842843751495825e-04	7.520485e-02	1.686999e-01
7.940500001495825e-04	7.685868e-02	1.700203e-01
8.038156251495825e-04	7.852533e-02	1.713254e-01
8.135812501495825e-04	8.020466e-02	1.726156e-01
8.233468751495826e-04	8.189651e-02	1.738908e-01
8.331125001495826e-04	8.360073e-02	1.751513e-01
8.343332032745825e-04	8.381472e-02	1.753077e-01
8.367746095245825e-04	8.424307e-02	1.756201e-01
8.416574220245825e-04	8.510207e-02	1.762421e-01
8.514230470245825e-04	8.682912e-02	1.774751e-01
8.611886720245825e-04	8.856814e-02	1.786937e-01
8.709542970245825e-04	9.031899e-02	1.798980e-01
8.807199220245825e-04	9.208153e-02	1.810880e-01
8.819406251495825e-04	9.230275e-02	1.812356e-01
8.843820313995824e-04	9.274556e-02	1.815305e-01
8.892648438995824e-04	9.363333e-02	1.821176e-01
8.990304688995825e-04	9.541741e-02	1.832812e-01
9.087960938995825e-04	9.721278e-02	1.844309e-01
9.185617188995825e-04	9.901932e-02	1.855668e-01
9.283273438995825e-04	1.008369e-01	1.866890e-01
9.380929688995825e-04	1.026653e-01	1.877976e-01
9.478585938995825e-04	1.045045e-01	1.888927e-01
9.576242188995825e-04	1.063544e-01	1.899745e-01
9.673898438995825e-04	1.082147e-01	1.910429e-01
9.771554688995825e-04	1.100854e-01	1.920981e-01
9.869210938995825e-04	1.119663e-01	1.931403e-01
9.966867188995825e-04	1.138574e-01	1.941695e-01
1.006452343899583e-03	1.157584e-01	1.951858e-01
1.016217968899583e-03	1.176693e-01	1.961893e-01
1.025983593899583e-03	1.195900e-01	1.971801e-01
1.035749218899583e-03	1.215202e-01	1.981584e-01
1.045514843899583e-03	1.234599e-01	1.991241e-01
1.055280468899583e-03	1.254090e-01	2.000774e-01
1.056501172024583e-03	1.256534e-01	2.001956e-01
1.056806347805833e-03	1.257145e-01	2.002252e-01
1.057416699368333e-03	1.258367e-01	2.002842e-01
1.058637402493333e-03	1.260813e-01	2.004022e-01
1.061078808743333e-03	1.265708e-01	2.006375e-01
1.061689160305833e-03	1.266933e-01	2.006962e-01
1.062909863430833e-03	1.269383e-01	2.008135e-01
1.063215039212083e-03	1.269996e-01	2.008428e-01
1.063825390774583e-03	1.271222e-01	2.009013e-01
1.065046093899583e-03	1.273675e-01	2.010183e-01
1.067487500149583e-03	1.278585e-01	2.012516e-01
1.072370312649582e-03	1.288423e-01	2.017160e-01
1.082135937649582e-03	1.308165e-01	2.026357e-01
1.091901562649582e-03	1.327997e-01	2.035434e-01
1.101667187649582e-03	1.347917e-01	2.044390e-01
1.111432812649582e-03	1.367923e-01	2.053228e-01
1.121198437649582e-03	1.388015e-01	2.061948e-01
1.130964062649582e-03	1.408192e-01	2.070551e-01
1.140729687649583e-03	1.428453e-01	2.079038e-01
1.150495312649583e-03	1.448795e-01	2.087409e-01
1.151716015774582e-03	1.451344e-01	2.088447e-01
1.154157422024582e-03	1.456445e-01	2.090518e-01
1.159040234524582e-03	1.466662e-01	2.094639e-01
1.168805859524582e-03	1.487156e-01	2.102797e-01
1.178571484524582e-03	1.507729e-01	2.110841e-01
1.188337109524582e-03	1.528380e-01	2.118774e-01
1.198102734524582e-03	1.549108e-01	2.126595e-01
1.207868359524582e-03	1.569911e-01	2.134306e-01
1.217633984524582e-03	1.590790e-01	2.141908e-01
1.227399609524582e-03	1.611742e-01	2.149400e-01
1.237165234524582e-03	1.632767e-01	2.156784e-01
1.246930859524582e-03	1.653863e-01	2.164062e-01
1.256696484524582e-03	1.675030e-01	2.171232e-01
1.266462109524582e-03	1.696266e-01	2.178297e-01
1.276227734524582e-03	1.717571e-01	2.185258e-01
1.285993359524582e-03	1.738943e-01	2.192114e-01
1.295758984524582e-03	1.760381e-01	2.198866e-01
1.305524609524582e-03	1.781886e-01	2.205516e-01
1.315290234524582e-03	1.803454e-01	2.212064e-01
1.325055859524582e-03	1.825086e-01	2.218511e-01
1.334821484524582e-03	1.846780e-01	2.224857e-01
1.344587109524582e-03	1.868536e-01	2.231103e-01
1.354352734524583e-03	1.890352e-01	2.237250e-01
1.364118359524583e-03	1.912228e-01	2.243299e-01
1.373883984524583e-03	1.934163e-01	2.249251e-01
1.383649609524583e-03	1.956155e-01	2.255105e-01
1.393415234524583e-03	1.978203e-01	2.260863e-01
1.403180859524583e-03	2.000308e-01	2.266525e-01
1.412946484524583e-03	2.022467e-01	2.272092e-01
1.414167187649583e-03	2.025241e-01	2.272781e-01
1.416608593899582e-03	2.030791e-01	2.274155e-01
1.421491406399582e-03	2.041901e-01	2.276886e-01
1.431257031399582e-03	2.064161e-01	2.282277e-01
1.441022656399582e-03	2.086472e-01	2.287575e-01
1.450788281399582e-03	2.108835e-01	2.292780e-01
1.452008984524582e-03	2.111635e-01	2.293424e-01
1.454450390774582e-03	2.117235e-01	2.294708e-01
1.459333203274582e-03	2.128445e-01	2.297259e-01
1.469098828274582e-03	2.150901e-01	2.302293e-01
1.478864453274582e-03	2.173407e-01	2.307236e-01
1.488630078274582e-03	2.195960e-01	2.312090e-01
1.498395703274582e-03	2.218560e-01	2.316854e-01
1.508161328274582e-03	2.241206e-01	2.321529e-01
1.517926953274582e-03	2.263898e-01	2.326116e-01
1.527692578274582e-03	2.286633e-01	2.330616e-01
1.537458203274582e-03	2.309412e-01	2.335028e-01
1.547223828274582e-03	2.332234e-01	2.339354e-01
1.556989453274582e-03	2.355098e-01	2.343595e-01
1.566755078274582e-03	2.378003e-01	2.347750e-01
1.576520703274582e-03	2.400947e-01	2.351820e-01
1.586286328274582e-03	2.423932e-01	2.355807e-01
1.596051953274582e-03	2.446954e-01	2.359710e-01
1.605817578274582e-03	2.470014e-01	2.363530e-01
1.615583203274582e-03	2.493112e-01	2.367268e-01
1.625348828274582e-03	2.516245e-01	2.370924e-01
1.635114453274582e-03	2.539413e-01	2.374498e-01
1.636335156399582e-03	2.542312e-01	2.374939e-01
1.638776562649582e-03	2.548111e-01	2.375818e-01
1.643659375149582e-03	2.559715e-01	2.377560e-01
1.653425000149582e-03	2.582947e-01	2.380983e-01
1.663190625149582e-03	2.606212e-01	2.384327e-01
1.672956250149582e-03	2.629511e-01	2.387592e-01
1.682721875149582e-03	2.652840e-01	2.390778e-01
1.692487500149582e-03	2.676200e-01	2.393886e-01
1.702253125149582e-03	2.699590e-01	2.396916e-01
1.712018750149582e-03	2.723009e-01	2.399869e-01
1.713239453274582e-03	2.725938e-01	2.400232e-01
1.715680859524582e-03	2.731799e-01	2.400956e-01
1.720563672024582e-03	2.743524e-01	2.402389e-01
1.730329297024582e-03	2.766996e-01	2.405199e-01
1.740094922024582e-03	2.790495e-01	2.407933e-01
1.749860547024582e-03	2.814020e-01	2.410592e-01
1.759626172024582e-03	2.837571e-01	2.413176e-01
1.769391797024582e-03	2.861147e-01	2.415686e-01
1.779157422024582e-03	2.884746e-01	2.418121e-01
1.788923047024582e-03	2.908370e-01	2.420484e-01
1.798688672024582e-03	2.932015e-01	2.422774e-01
1.808454297024582e-03	2.955683e-01	2.424991e-01
1.818219922024582e-03	2.979372e-01	2.427136e-01
1.827985547024582e-03	3.003082e-01	2.429210e-01
1.837751172024582e-03	3.026812e-01	2.431213e-01
1.847516797024582e-03	3.050561e-01	2.433146e-01
1.857282422024582e-03	3.074328e-01	2.435008e-01
1.867048047024582e-03	3.098113e-01	2.436800e-01
1.876813672024582e-03	3.121915e-01	2.438524e-01
1.886579297024582e-03	3.145734e-01	2.440178e-01
1.896344922024582e-03	3.169568e-01	2.441764e-01
1.906110547024582e-03	3.193418e-01	2.443283e-01
1.915876172024582e-03	3.217282e-01	2.444733e-01
1.925641797024582e-03	3.241160e-01	2.446117e-01
1.935407422024582e-03	3.265051e-01	2.447434e-01
1.945173047024582e-03	3.288955e-01	2.448684e-01
1.954938672024582e-03	3.312871e-01	2.449869e-01
1.964704297024582e-03	3.336797e-01	2.450988e-01
1.965925000149582e-03	3.339789e-01	2.451123e-01
1.968366406399582e-03	3.345773e-01	2.451391e-01
1.973249218899582e-03	3.357742e-01	2.451914e-01
1.983014843899582e-03	3.381688e-01	2.452912e-01
1.992780468899581e-03	3.405643e-01	2.453845e-01
2.002546093899581e-03	3.429608e-01	2.454714e-01
2.003766797024581e-03	3.432604e-01	2.454818e-01
2.006208203274581e-03	3.438596e-01	2.455024e-01
2.011091015774581e-03	3.450583e-01	2.455423e-01
2.020856640774581e-03	3.474562e-01	2.456173e-01
2.030622265774581e-03	3.498548e-01	2.456861e-01
2.040387890774581e-03	3.522541e-01	2.457486e-01
2.050153515774580e-03	3.546539e-01	2.458049e-01
2.059919140774580e-03	3.570542e-01	2.458551e-01
2.069684765774580e-03	3.594550e-01	2.458991e-01
2.079450390774580e-03	3.618562e-01	2.459370e-01
2.089216015774580e-03	3.642577e-01	2.459689e-01
2.098981640774579e-03	3.666596e-01	2.459947e-01
2.108747265774579e-03	3.690616e-01	2.460146e-01
2.118512890774579e-03	3.714638e-01	2.460284e-01
2.128278515774579e-03	3.738661e-01	2.460364e-01
2.138044140774579e-03	3.762684e-01	2.460385e-01
2.147809765774578e-03	3.786707e-01	2.460348e-01
2.157575390774578e-03	3.810730e-01	2.460252e-01
2.158796093899578e-03	3.813733e-01	2.460236e-01
2.161237500149578e-03	3.819738e-01	2.460201e-01
2.166120312649578e-03	3.831749e-01	2.460121e-01
2.175885937649578e-03	3.855769e-01	2.459917e-01
2.185651562649578e-03	3.879786e-01	2.459657e-01
2.195417187649578e-03	3.903801e-01	2.459339e-01
2.205182812649577e-03	3.927812e-01	2.458965e-01
2.214948437649577e-03	3.951820e-01	2.458535e-01
2.224714062649577e-03	3.975823e-01	2.458048e-01
2.234479687649577e-03	3.999820e-01	2.457507e-01
2.244245312649577e-03	4.023813e-01	2.456910e-01
2.254010937649576e-03	4.047799e-01	2.456258e-01
2.263776562649576e-03	4.071778e-01	2.455552e-01
2.273542187649576e-03	4.095751e-01	2.454791e-01
2.283307812649576e-03	4.119715e-01	2.453977e-01
2.293073437649576e-03	4.143672e-01	2.453109e-01
2.302839062649575e-03	4.167619e-01	2.452187e-01
2.304059765774575e-03	4.170612e-01	2.452068e-01
2.306501172024575e-03	4.176597e-01	2.451828e-01
2.311383984524575e-03	4.188566e-01	2.451338e-01
2.321149609524575e-03	4.212495e-01	2.450317e-01
2.330915234524575e-03	4.236415e-01	2.449244e-01
2.340680859524575e-03	4.260324e-01	2.448119e-01
2.350446484524575e-03	4.284221e-01	2.446941e-01
2.360212109524574e-03	4.308107e-01	2.445713e-01
2.369977734524574e-03	4.331980e-01	2.444433e-01
2.379743359524574e-03	4.355841e-01	2.443102e-01
2.380964062649574e-03	4.358822e-01	2.442932e-01
2.383405468899574e-03	4.364785e-01	2.442589e-01
2.388288281399574e-03	4.376708e-01	2.441895e-01
2.398053906399574e-03	4.400544e-01	2.440469e-01
2.407819531399573e-03	4.424365e-01	2.438993e-01
2.417585156399573e-03	4.448171e-01	2.437467e-01
2.427350781399573e-03	4.471962e-01	2.435892e-01
2.437116406399573e-03	4.495738e-01	2.434267e-01
2.446882031399573e-03	4.519498e-01	2.432593e-01
2.456647656399572e-03	4.543241e-01	2.430869e-01
2.466413281399572e-03	4.566967e-01	2.429098e-01
2.476178906399572e-03	4.590675e-01	2.427278e-01
2.485944531399572e-03	4.614365e-01	2.425410e-01
2.495710156399572e-03	4.638037e-01	2.423495e-01
2.505475781399571e-03	4.661690e-01	2.421532e-01
2.515241406399571e-03	4.685323e-01	2.419521e-01
2.525007031399571e-03	4.708937e-01	2.417464e-01
2.534772656399571e-03	4.732530e-01	2.415360e-01
2.544538281399571e-03	4.756102e-01	2.413209e-01
2.554303906399570e-03	4.779653e-01	2.411013e-01
2.564069531399570e-03	4.803183e-01	2.408770e-01
2.573835156399570e-03	4.826690e-01	2.406481e-01
2.583600781399570e-03	4.850175e-01	2.404147e-01
2.593366406399570e-03	4.873636e-01	2.401768e-01
2.603132031399569e-03	4.897074e-01	2.399344e-01
2.612897656399569e-03	4.920489e-01	2.396875e-01
2.622663281399569e-03	4.943879e-01	2.394361e-01
2.632428906399569e-03	4.967244e-01	2.391804e-01
2.642194531399568e-03	4.990584e-01	2.389202e-01
2.651960156399568e-03	5.013898e-01	2.386556e-01
2.661725781399568e-03	5.037186e-01	2.383867e-01
2.671491406399568e-03	5.060447e-01	2.381134e-01
2.681257031399568e-03	5.083682e-01	2.378359e-01
2.691022656399567e-03	5.106890e-01	2.375540e-01
2.700788281399567e-03	5.130069e-01	2.372679e-01
2.710553906399567e-03	5.153221e-01	2.369775e-01
2.720319531399567e-03	5.176344e-01	2.366829e-01
2.721540234524567e-03	5.179232e-01	2.366458e-01
2.723981640774567e-03	5.185007e-01	2.365714e-01
2.728864453274567e-03	5.196552e-01	2.364217e-01
2.738630078274567e-03	5.219621e-01	2.361192e-01
2.748395703274566e-03	5.242659e-01	2.358126e-01
2.758161328274566e-03	5.265668e-01	2.355019e-01
2.767926953274566e-03	5.288645e-01	2.351870e-01
2.777692578274566e-03	5.311592e-01	2.348681e-01
2.787458203274566e-03	5.334507e-01	2.345450e-01
2.797223828274565e-03	5.357391e-01	2.342179e-01
2.806989453274565e-03	5.380242e-01	2.338868e-01
2.816755078274565e-03	5.403061e-01	2.335517e-01
2.826520703274565e-03	5.425847e-01	2.332126e-01
2.836286328274565e-03	5.448599e-01	2.328695e-01
2.846051953274564e-03	5.471319e-01	2.325224e-01
2.855817578274564e-03	5.494004e-01	2.321715e-01
2.865583203274564e-03	5.516654e-01	2.318166e-01
2.875348828274564e-03	5.539269e-01	2.314579e-01
2.885114453274564e-03	5.561849e-01	2.310952e-01
2.886335156399564e-03	5.564669e-01	2.310497e-01
2.886640332180814e-03	5.565374e-01	2.310383e-01
2.887250683743314e-03	5.566784e-01	2.310154e-01
2.888471386868314e-03	5.569603e-01	2.309697e-01
2.890912793118314e-03	5.575239e-01	2.308781e-01
2.895795605618314e-03	5.586505e-01	2.306942e-01
2.905561230618314e-03	5.609010e-01	2.303236e-01
2.915326855618313e-03	5.631479e-01	2.299491e-01
2.925092480618313e-03	5.653911e-01	2.295709e-01
2.934858105618313e-03	5.676306e-01	2.291888e-01
2.944623730618313e-03	5.698664e-01	2.288031e-01
2.954389355618313e-03	5.720983e-01	2.284136e-01
2.964154980618312e-03	5.743264e-01	2.280204e-01
2.973920605618312e-03	5.765507e-01	2.276235e-01
2.983686230618312e-03	5.787710e-01	2.272229e-01
2.993451855618312e-03	5.809875e-01	2.268187e-01
3.003217480618312e-03	5.831999e-01	2.264108e-01
3.004438183743312e-03	5.834762e-01	2.263596e-01
3.006879589993312e-03	5.840286e-01	2.262569e-01
3.011762402493312e-03	5.851325e-01	2.260510e-01
3.021528027493311e-03	5.873374e-01	2.256363e-01
3.031293652493311e-03	5.895383e-01	2.252181e-01
3.041059277493311e-03	5.917351e-01	2.247963e-01
3.050824902493311e-03	5.939277e-01	2.243710e-01
3.060590527493311e-03	5.961162e-01	2.239422e-01
3.070356152493310e-03	5.983004e-01	2.235098e-01
3.080121777493310e-03	6.004804e-01	2.230739e-01
3.089887402493310e-03	6.026561e-01	2.226346e-01
3.099653027493310e-03	6.048275e-01	2.221918e-01
3.109418652493309e-03	6.069946e-01	2.217455e-01
3.119184277493309e-03	6.091573e-01	2.212959e-01
3.128949902493309e-03	6.113156e-01	2.208428e-01
3.138715527493309e-03	6.134694e-01	2.203863e-01
3.148481152493309e-03	6.156188e-01	2.199265e-01
3.158246777493308e-03	6.177636e-01	2.194633e-01
3.168012402493308e-03	6.199039e-01	2.189968e-01
3.177778027493308e-03	6.220397e-01	2.185270e-01
3.187543652493308e-03	6.241708e-01	2.180538e-01
3.197309277493308e-03	6.262973e-01	2.175774e-01
3.207074902493307e-03	6.284192e-01	2.170977e-01
3.216840527493307e-03	6.305363e-01	2.166147e-01
3.226606152493307e-03	6.326486e-01	2.161285e-01
3.236371777493307e-03	6.347563e-01	2.156391e-01
3.246137402493307e-03	6.368591e-01	2.151464e-01
3.247358105618307e-03	6.371216e-01	2.150846e-01
3.249799511868307e-03	6.376464e-01	2.149609e-01
3.254682324368307e-03	6.386951e-01	2.147128e-01
3.264447949368306e-03	6.407888e-01	2.142142e-01
3.274213574368306e-03	6.428777e-01	2.137124e-01
3.283979199368306e-03	6.449616e-01	2.132075e-01
3.293744824368306e-03	6.470406e-01	2.126994e-01
3.303510449368306e-03	6.491146e-01	2.121883e-01
3.313276074368305e-03	6.511836e-01	2.116740e-01
3.323041699368305e-03	6.532476e-01	2.111567e-01
3.332807324368305e-03	6.553065e-01	2.106363e-01
3.334028027493305e-03	6.555635e-01	2.105711e-01
3.336469433743305e-03	6.560772e-01	2.104404e-01
3.341352246243305e-03	6.571038e-01	2.101785e-01
3.351117871243305e-03	6.591531e-01	2.096523e-01
3.360883496243305e-03	6.611972e-01	2.091232e-01
3.362104199368305e-03	6.614524e-01	2.090569e-01
3.364545605618305e-03	6.619624e-01	2.089240e-01
3.369428418118305e-03	6.629816e-01	2.086578e-01
3.379194043118304e-03	6.650161e-01	2.081230e-01
3.388959668118304e-03	6.670452e-01	2.075853e-01
3.398725293118304e-03	6.690691e-01	2.070446e-01
3.408490918118304e-03	6.710877e-01	2.065009e-01
3.418256543118304e-03	6.731010e-01	2.059543e-01
3.428022168118303e-03	6.751090e-01	2.054048e-01
3.437787793118303e-03	6.771115e-01	2.048524e-01
3.447553418118303e-03	6.791086e-01	2.042971e-01
3.457319043118303e-03	6.811003e-01	2.037389e-01
3.467084668118302e-03	6.830866e-01	2.031779e-01
3.476850293118302e-03	6.850673e-01	2.026139e-01
3.478070996243302e-03	6.853145e-01	2.025433e-01
3.480512402493302e-03	6.858086e-01	2.024018e-01
3.485395214993302e-03	6.867959e-01	2.021183e-01
3.495160839993302e-03	6.887662e-01	2.015491e-01
3.504926464993302e-03	6.907310e-01	2.009771e-01
3.514692089993302e-03	6.926902e-01	2.004023e-01
3.524457714993301e-03	6.946437e-01	1.998247e-01
3.534223339993301e-03	6.965917e-01	1.992444e-01
3.543988964993301e-03	6.985339e-01	1.986613e-01
3.553754589993301e-03	7.004704e-01	1.980755e-01
3.563520214993301e-03	7.024012e-01	1.974870e-01
3.564740918118301e-03	7.026421e-01	1.974132e-01
3.567182324368301e-03	7.031237e-01	1.972656e-01
3.572065136868301e-03	7.040858e-01	1.969698e-01
3.581830761868300e-03	7.060058e-01	1.963762e-01
3.591596386868300e-03	7.079199e-01	1.957799e-01
3.601362011868300e-03	7.098282e-01	1.951810e-01
3.602582714993300e-03	7.100663e-01	1.951060e-01
3.605024121243300e-03	7.105423e-01	1.949557e-01
3.609906933743300e-03	7.114931e-01	1.946547e-01
3.619672558743300e-03	7.133904e-01	1.940508e-01
3.629438183743300e-03	7.152817e-01	1.934443e-01
3.639203808743299e-03	7.171672e-01	1.928351e-01
3.648969433743299e-03	7.190467e-01	1.922234e-01
3.658735058743299e-03	7.209201e-01	1.916090e-01
3.668500683743299e-03	7.227876e-01	1.909921e-01
3.678266308743299e-03	7.246490e-01	1.903726e-01
3.688031933743298e-03	7.265044e-01	1.897505e-01
3.697797558743298e-03	7.283536e-01	1.891260e-01
3.707563183743298e-03	7.301968e-01	1.884989e-01
3.717328808743298e-03	7.320338e-01	1.878693e-01
3.727094433743298e-03	7.338647e-01	1.872372e-01
3.736860058743297e-03	7.356893e-01	1.866026e-01
3.746625683743297e-03	7.375078e-01	1.859655e-01
3.756391308743297e-03	7.393200e-01	1.853260e-01
3.766156933743297e-03	7.411260e-01	1.846840e-01
3.775922558743297e-03	7.429257e-01	1.840397e-01
3.785688183743296e-03	7.447191e-01	1.833929e-01
3.795453808743296e-03	7.465061e-01	1.827437e-01
3.805219433743296e-03	7.482868e-01	1.820920e-01
3.814985058743296e-03	7.500612e-01	1.814381e-01
3.824750683743296e-03	7.518291e-01	1.807817e-01
3.834516308743295e-03	7.535905e-01	1.801230e-01
3.844281933743295e-03	7.553456e-01	1.794620e-01
3.854047558743295e-03	7.570942e-01	1.787986e-01
3.863813183743295e-03	7.588363e-01	1.781329e-01
3.873578808743294e-03	7.605718e-01	1.774649e-01
3.883344433743294e-03	7.623009e-01	1.767946e-01
3.893110058743294e-03	7.640234e-01	1.761220e-01
3.902875683743294e-03	7.657393e-01	1.754472e-01
3.912641308743294e-03	7.674485e-01	1.747700e-01
3.922406933743293e-03	7.691512e-01	1.740907e-01
3.932172558743293e-03	7.708473e-01	1.734091e-01
3.933393261868293e-03	7.710587e-01	1.733238e-01
3.935834668118293e-03	7.714815e-01	1.731530e-01
3.940717480618293e-03	7.723258e-01	1.728110e-01
3.950483105618293e-03	7.740093e-01	1.721252e-01
3.960248730618293e-03	7.756860e-01	1.714373e-01
3.970014355618293e-03	7.773561e-01	1.707472e-01
3.971235058743292e-03	7.775643e-01	1.706609e-01
3.973676464993293e-03	7.779806e-01	1.704879e-01
3.978559277493293e-03	7.788118e-01	1.701416e-01
3.988324902493292e-03	7.804692e-01	1.694475e-01
3.998090527493292e-03	7.821198e-01	1.687512e-01
4.007856152493292e-03	7.837636e-01	1.680527e-01
4.017621777493292e-03	7.854006e-01	1.673521e-01
4.027387402493292e-03	7.870306e-01	1.666494e-01
4.037153027493291e-03	7.886539e-01	1.659446e-01
4.046918652493291e-03	7.902702e-01	1.652377e-01
4.056684277493291e-03	7.918796e-01	1.645287e-01
4.066449902493291e-03	7.934821e-01	1.638177e-01
4.076215527493291e-03	7.950776e-01	1.631046e-01
4.085981152493290e-03	7.966662e-01	1.623895e-01
4.087201855618290e-03	7.968642e-01	1.623000e-01
4.089643261868291e-03	7.972600e-01	1.621208e-01
4.094526074368290e-03	7.980503e-01	1.617621e-01
4.104291699368290e-03	7.996258e-01	1.610432e-01
4.114057324368290e-03	8.011942e-01	1.603222e-01
4.123822949368290e-03	8.027555e-01	1.595993e-01
4.133588574368290e-03	8.043098e-01	1.588744e-01
4.143354199368289e-03	8.058569e-01	1.581475e-01
4.153119824368289e-03	8.073970e-01	1.574186e-01
4.162885449368289e-03	8.089299e-01	1.566878e-01
4.172651074368289e-03	8.104557e-01	1.559550e-01
4.182416699368289e-03	8.119743e-01	1.552203e-01
4.192182324368288e-03	8.134858e-01	1.544837e-01
4.201947949368288e-03	8.149900e-01	1.537452e-01
4.211713574368288e-03	8.164870e-01	1.530048e-01
4.221479199368288e-03	8.179768e-01	1.522624e-01
4.231244824368287e-03	8.194592e-01	1.515183e-01
4.232465527493287e-03	8.196440e-01	1.514252e-01
4.234906933743288e-03	8.200133e-01	1.512388e-01
4.239789746243288e-03	8.207505e-01	1.508657e-01
4.249555371243287e-03	8.222193e-01	1.501180e-01
4.259320996243287e-03	8.236808e-01	1.493685e-01
4.269086621243287e-03	8.251351e-01	1.486172e-01
4.278852246243287e-03	8.265819e-01	1.478641e-01
4.288617871243286e-03	8.280213e-01	1.471091e-01
4.289838574368286e-03	8.282008e-01	1.470147e-01
4.292279980618287e-03	8.285592e-01	1.468256e-01
4.297162793118287e-03	8.292748e-01	1.464471e-01
4.306928418118286e-03	8.307004e-01	1.456888e-01
4.316694043118286e-03	8.321187e-01	1.449287e-01
4.326459668118286e-03	8.335295e-01	1.441669e-01
4.336225293118286e-03	8.349328e-01	1.434033e-01
4.337445996243285e-03	8.351076e-01	1.433078e-01
4.339887402493286e-03	8.354571e-01	1.431166e-01
4.344770214993286e-03	8.361545e-01	1.427338e-01
4.354535839993286e-03	8.375438e-01	1.419669e-01
4.364301464993285e-03	8.389257e-01	1.411984e-01
4.374067089993285e-03	8.403000e-01	1.404281e-01
4.383832714993285e-03	8.416668e-01	1.396561e-01
4.393598339993285e-03	8.430260e-01	1.388824e-01
4.403363964993284e-03	8.443776e-01	1.381071e-01
4.413129589993284e-03	8.457217e-01	1.373301e-01
4.422895214993284e-03	8.470582e-01	1.365514e-01
4.432660839993284e-03	8.483871e-01	1.357711e-01
4.442426464993284e-03	8.497084e-01	1.349891e-01
4.452192089993283e-03	8.510219e-01	1.342056e-01
4.453412793118283e-03	8.511856e-01	1.341076e-01
4.455854199368284e-03	8.515125e-01	1.339114e-01
4.460737011868283e-03	8.521650e-01	1.335187e-01
4.470502636868283e-03	8.534642e-01	1.327321e-01
4.480268261868283e-03	8.547557e-01	1.319439e-01
4.481488964993283e-03	8.549166e-01	1.318453e-01
4.483930371243283e-03	8.552380e-01	1.316480e-01
4.488813183743283e-03	8.558794e-01	1.312530e-01
4.498578808743283e-03	8.571565e-01	1.304619e-01
4.508344433743283e-03	8.584259e-01	1.296692e-01
4.518110058743282e-03	8.596874e-01	1.288749e-01
4.527875683743282e-03	8.609412e-01	1.280792e-01
4.537641308743282e-03	8.621873e-01	1.272818e-01
4.538862011868282e-03	8.623424e-01	1.271821e-01
4.541303418118282e-03	8.626525e-01	1.269825e-01
4.546186230618282e-03	8.632711e-01	1.265830e-01
4.555951855618282e-03	8.645025e-01	1.257829e-01
4.565717480618282e-03	8.657261e-01	1.249812e-01
4.575483105618281e-03	8.669419e-01	1.241781e-01
4.585248730618281e-03	8.681498e-01	1.233734e-01
4.595014355618281e-03	8.693498e-01	1.225674e-01
4.604779980618281e-03	8.705420e-01	1.217598e-01
4.614545605618281e-03	8.717262e-01	1.209508e-01
4.624311230618280e-03	8.729026e-01	1.201404e-01
4.634076855618280e-03	8.740710e-01	1.193286e-01
4.643842480618280e-03	8.752315e-01	1.185153e-01
4.653608105618280e-03	8.763840e-01	1.177007e-01
4.663373730618280e-03	8.775286e-01	1.168846e-01
4.673139355618279e-03	8.786652e-01	1.160672e-01
4.682904980618279e-03	8.797938e-01	1.152484e-01
4.692670605618279e-03	8.809144e-01	1.144282e-01
4.702436230618279e-03	8.820270e-01	1.136067e-01
4.712201855618279e-03	8.831316e-01	1.127838e-01
4.721967480618278e-03	8.842281e-01	1.119596e-01
4.731733105618278e-03	8.853166e-01	1.111341e-01
4.741498730618278e-03	8.863969e-01	1.103073e-01
4.751264355618278e-03	8.874693e-01	1.094791e-01
4.761029980618278e-03	8.885335e-01	1.086497e-01
4.770795605618277e-03	8.895896e-01	1.078190e-01
4.780561230618277e-03	8.906376e-01	1.069871e-01
4.790326855618277e-03	8.916774e-01	1.061539e-01
4.791547558743277e-03	8.918068e-01	1.060497e-01
4.793988964993277e-03	8.920652e-01	1.058412e-01
4.798871777493277e-03	8.925806e-01	1.054238e-01
4.808637402493277e-03	8.936052e-01	1.045883e-01
4.818403027493277e-03	8.946215e-01	1.037515e-01
4.828168652493276e-03	8.956298e-01	1.029135e-01
4.837934277493276e-03	8.966299e-01	1.020743e-01
4.847699902493276e-03	8.976217e-01	1.012339e-01
4.857465527493276e-03	8.986053e-01	1.003923e-01
4.867231152493275e-03	8.995807e-01	9.954954e-02
4.876996777493275e-03	9.005479e-01	9.870560e-02
4.886762402493275e-03	9.015068e-01	9.786051e-02
4.896528027493275e-03	9.024575e-01	9.701427e-02
4.906293652493275e-03	9.033998e-01	9.616689e-02
4.916059277493274e-03	9.043339e-01	9.531838e-02
4.925824902493274e-03	9.052597e-01	9.446877e-02
4.935590527493274e-03	9.061773e-01	9.361804e-02
4.945356152493274e-03	9.070864e-01	9.276621e-02
4.955121777493274e-03	9.079873e-01	9.191331e-02
4.964887402493273e-03	9.088799e-01	9.105931e-02
4.974653027493273e-03	9.097641e-01	9.020426e-02
4.984418652493273e-03	9.106399e-01	8.934816e-02
4.994184277493273e-03	9.115074e-01	8.849100e-02
4.995404980618273e-03	9.116151e-01	8.838385e-02
4.997846386868273e-03	9.118304e-01	8.816937e-02
5.002729199368273e-03	9.122594e-01	8.774021e-02
5.012494824368273e-03	9.131112e-01	8.688112e-02
5.022260449368272e-03	9.139546e-01	8.602101e-02
5.032026074368272e-03	9.147895e-01	8.515990e-02
5.041791699368272e-03	9.156160e-01	8.429779e-02
5.051557324368272e-03	9.164341e-01	8.343469e-02
5.061322949368272e-03	9.172438e-01	8.257062e-02
5.062543652493271e-03	9.173443e-01	8.246261e-02
5.064985058743272e-03	9.175452e-01	8.224641e-02
5.069867871243272e-03	9.179453e-01	8.181383e-02
5.079633496243271e-03	9.187391e-01	8.094795e-02
5.089399121243271e-03	9.195245e-01	8.008112e-02
5.099164746243271e-03	9.203014e-01	7.921336e-02
5.108930371243271e-03	9.210699e-01	7.834467e-02
5.118695996243271e-03	9.218297e-01	7.747505e-02
5.128461621243270e-03	9.225812e-01	7.660453e-02
5.138227246243270e-03	9.233242e-01	7.573312e-02
5.147992871243270e-03	9.240586e-01	7.486081e-02
5.157758496243270e-03	9.247845e-01	7.398762e-02
5.167524121243269e-03	9.255018e-01	7.311357e-02
5.177289746243269e-03	9.262106e-01	7.223866e-02
5.187055371243269e-03	9.269109e-01	7.136289e-02
5.196820996243269e-03	9.276026e-01	7.048629e-02
5.206586621243269e-03	9.282858e-01	6.960886e-02
5.216352246243268e-03	9.289604e-01	6.873062e-02
5.226117871243268e-03	9.296264e-01	6.785156e-02
5.235883496243268e-03	9.302838e-01	6.697170e-02
5.245649121243268e-03	9.309326e-01	6.609105e-02
5.255414746243268e-03	9.315728e-01	6.520962e-02
5.265180371243267e-03	9.322044e-01	6.432742e-02
5.274945996243267e-03	9.328274e-01	6.344447e-02
5.284711621243267e-03	9.334417e-01	6.256075e-02
5.294477246243267e-03	9.340475e-01	6.167631e-02
5.304242871243267e-03	9.346445e-01	6.079113e-02
5.314008496243266e-03	9.352329e-01	5.990523e-02
5.323774121243266e-03	9.358127e-01	5.901862e-02
5.333539746243266e-03	9.363838e-01	5.813130e-02
5.343305371243266e-03	9.369463e-01	5.724330e-02
5.353070996243266e-03	9.375000e-01	5.635461e-02
5.354291699368265e-03	9.375685e-01	5.624355e-02
5.356733105618266e-03	9.377053e-01	5.602125e-02
5.361615918118266e-03	9.379774e-01	5.557653e-02
5.362836621243265e-03	9.380450e-01	5.546539e-02
5.365278027493266e-03	9.381799e-01	5.524294e-02
5.370160839993266e-03	9.384481e-01	5.479793e-02
5.379926464993265e-03	9.389780e-01	5.390742e-02
5.381147168118265e-03	9.390435e-01	5.379613e-02
5.383588574368266e-03	9.391744e-01	5.357338e-02
5.388471386868265e-03	9.394343e-01	5.312776e-02
5.398237011868265e-03	9.399479e-01	5.223604e-02
5.408002636868265e-03	9.404528e-01	5.134370e-02
5.417768261868265e-03	9.409489e-01	5.045074e-02
5.427533886868265e-03	9.414363e-01	4.955717e-02
5.437299511868264e-03	9.419150e-01	4.866300e-02
5.447065136868264e-03	9.423849e-01	4.776825e-02
5.456830761868264e-03	9.428461e-01	4.687292e-02
5.458051464993264e-03	9.429030e-01	4.676103e-02
5.460492871243264e-03	9.430167e-01	4.653709e-02
5.465375683743264e-03	9.432424e-01	4.608910e-02
5.475141308743264e-03	9.436872e-01	4.519271e-02
5.484906933743264e-03	9.441232e-01	4.429577e-02
5.494672558743263e-03	9.445505e-01	4.339828e-02
5.504438183743263e-03	9.449690e-01	4.250027e-02
5.514203808743263e-03	9.453787e-01	4.160173e-02
5.523969433743263e-03	9.457797e-01	4.070268e-02
5.533735058743263e-03	9.461719e-01	3.980313e-02
5.543500683743262e-03	9.465552e-01	3.890309e-02
5.553266308743262e-03	9.469298e-01	3.800256e-02
5.563031933743262e-03	9.472956e-01	3.710156e-02
5.572797558743262e-03	9.476526e-01	3.620009e-02
5.582563183743262e-03	9.480008e-01	3.529817e-02
5.592328808743261e-03	9.483402e-01	3.439581e-02
5.602094433743261e-03	9.486707e-01	3.349300e-02
5.611860058743261e-03	9.489925e-01	3.258978e-02
5.621625683743261e-03	9.493054e-01	3.168614e-02
5.631391308743260e-03	9.496095e-01	3.078209e-02
5.641156933743260e-03	9.499047e-01	2.987764e-02
5.650922558743260e-03	9.501912e-01	2.897281e-02
5.660688183743260e-03	9.504688e-01	2.806760e-02
5.670453808743260e-03	9.507375e-01	2.716202e-02
5.680219433743259e-03	9.509974e-01	2.625608e-02
5.689985058743259e-03	9.512485e-01	2.534979e-02
5.699750683743259e-03	9.514907e-01	2.444317e-02
5.709516308743259e-03	9.517240e-01	2.353621e-02
5.719281933743259e-03	9.519485e-01	2.262893e-02
5.729047558743258e-03	9.521642e-01	2.172134e-02
5.738813183743258e-03	9.523709e-01	2.081345e-02
5.748578808743258e-03	9.525688e-01	1.990527e-02
5.758344433743258e-03	9.527578e-01	1.899680e-02
5.768110058743258e-03	9.529380e-01	1.808806e-02
5.777875683743257e-03	9.531093e-01	1.717906e-02
5.787641308743257e-03	9.532716e-01	1.626980e-02
5.797406933743257e-03	9.534252e-01	1.536030e-02
5.807172558743257e-03	9.535698e-01	1.445056e-02
5.816938183743257e-03	9.537055e-01	1.354060e-02
5.826703808743256e-03	9.538324e-01	1.263042e-02
5.836469433743256e-03	9.539503e-01	1.172003e-02
5.846235058743256e-03	9.540594e-01	1.080944e-02
5.856000683743256e-03	9.541596e-01	9.898670e-03
5.865766308743255e-03	9.542509e-01	8.987717e-03
5.875531933743255e-03	9.543332e-01	8.076596e-03
5.885297558743255e-03	9.544067e-01	7.165315e-03
5.895063183743255e-03	9.544713e-01	6.253882e-03
5.904828808743255e-03	9.545270e-01	5.342309e-03
5.914594433743254e-03	9.545738e-01	4.430603e-03
5.924360058743254e-03	9.546117e-01	3.518775e-03
5.934125683743254e-03	9.546407e-01	2.606834e-03
5.943891308743254e-03	9.546608e-01	1.694789e-03
5.953656933743254e-03	9.546719e-01	7.826500e-04
5.963422558743253e-03	9.546742e-01	-1.295744e-04
5.973188183743253e-03	9.546675e-01	-1.041874e-03
5.974408886868253e-03	9.546660e-01	-1.155847e-03
5.976850293118253e-03	9.546627e-01	-1.383935e-03
5.981733105618253e-03	9.546543e-01	-1.840123e-03
5.991498730618253e-03	9.546310e-01	-2.752540e-03
6.001264355618253e-03	9.545987e-01	-3.665007e-03
6.011029980618253e-03	9.545575e-01	-4.577513e-03
6.020795605618252e-03	9.545074e-01	-5.490049e-03
6.030561230618252e-03	9.544485e-01	-6.402607e-03
6.040326855618252e-03	9.543805e-01	-7.315176e-03
6.050092480618252e-03	9.543037e-01	-8.227747e-03
6.059858105618252e-03	9.542180e-01	-9.140312e-03
6.069623730618251e-03	9.541233e-01	-1.005286e-02
6.070844433743251e-03	9.541108e-01	-1.016686e-02
6.073285839993251e-03	9.540855e-01	-1.039499e-02
6.078168652493251e-03	9.540331e-01	-1.085125e-02
6.087934277493251e-03	9.539218e-01	-1.176374e-02
6.097699902493251e-03	9.538015e-01	-1.267619e-02
6.107465527493251e-03	9.536723e-01	-1.358859e-02
6.117231152493251e-03	9.535342e-01	-1.450093e-02
6.126996777493250e-03	9.533872e-01	-1.541320e-02
6.136762402493250e-03	9.532313e-01	-1.632539e-02
6.146528027493250e-03	9.530665e-01	-1.723748e-02
6.147748730618250e-03	9.530452e-01	-1.735142e-02
6.150190136868250e-03	9.530023e-01	-1.757943e-02
6.155072949368250e-03	9.529150e-01	-1.803542e-02
6.164838574368250e-03	9.527334e-01	-1.894733e-02
6.174604199368250e-03	9.525430e-01	-1.985912e-02
6.184369824368249e-03	9.523437e-01	-2.077079e-02
6.194135449368249e-03	9.521354e-01	-2.168232e-02
6.203901074368249e-03	9.519184e-01	-2.259371e-02
6.213666699368249e-03	9.516923e-01	-2.350495e-02
6.223432324368249e-03	9.514574e-01	-2.441603e-02
6.233197949368248e-03	9.512136e-01	-2.532693e-02
6.242963574368248e-03	9.509609e-01	-2.623766e-02
6.252729199368248e-03	9.506993e-01	-2.714820e-02
6.253949902493248e-03	9.506659e-01	-2.726193e-02
6.256391308743248e-03	9.505988e-01	-2.748953e-02
6.261274121243248e-03	9.504630e-01	-2.794469e-02
6.271039746243248e-03	9.501848e-01	-2.885485e-02
6.280805371243247e-03	9.498976e-01	-2.976479e-02
6.290570996243247e-03	9.496015e-01	-3.067451e-02
6.291791699368247e-03	9.495639e-01	-3.078814e-02
6.294233105618247e-03	9.494882e-01	-3.101553e-02
6.299115918118247e-03	9.493352e-01	-3.147026e-02
6.308881543118247e-03	9.490225e-01	-3.237953e-02
6.318647168118247e-03	9.487009e-01	-3.328856e-02
6.328412793118247e-03	9.483704e-01	-3.419733e-02
6.338178418118246e-03	9.480311e-01	-3.510583e-02
6.347944043118246e-03	9.476829e-01	-3.601405e-02
6.357709668118246e-03	9.473259e-01	-3.692198e-02
6.367475293118246e-03	9.469600e-01	-3.782962e-02
6.377240918118246e-03	9.465852e-01	-3.873696e-02
6.387006543118245e-03	9.462015e-01	-3.964397e-02
6.396772168118245e-03	9.458090e-01	-4.055067e-02
6.406537793118245e-03	9.454077e-01	-4.145704e-02
6.416303418118245e-03	9.449975e-01	-4.236306e-02
6.426069043118245e-03	9.445784e-01	-4.326874e-02
6.427289746243244e-03	9.445254e-01	-4.338185e-02
6.429731152493245e-03	9.444189e-01	-4.360820e-02
6.434613964993245e-03	9.442045e-01	-4.406084e-02
6.444379589993244e-03	9.437688e-01	-4.496583e-02
6.454145214993244e-03	9.433243e-01	-4.587045e-02
6.455365918118244e-03	9.432681e-01	-4.598343e-02
6.457807324368244e-03	9.431553e-01	-4.620952e-02
6.462690136868244e-03	9.429281e-01	-4.666161e-02
6.472455761868244e-03	9.424671e-01	-4.756550e-02
6.482221386868244e-03	9.419973e-01	-4.846899e-02
6.491987011868244e-03	9.415187e-01	-4.937207e-02
6.501752636868243e-03	9.410312e-01	-5.027473e-02
6.511518261868243e-03	9.405349e-01	-5.117697e-02
6.521283886868243e-03	9.400298e-01	-5.207876e-02
6.531049511868243e-03	9.395159e-01	-5.298011e-02
6.540815136868243e-03	9.389931e-01	-5.388100e-02
6.550580761868242e-03	9.384617e-01	-5.478143e-02
6.560346386868242e-03	9.379214e-01	-5.568139e-02
6.570112011868242e-03	9.373723e-01	-5.658086e-02
6.579877636868242e-03	9.368145e-01	-5.747984e-02
6.581098339993242e-03	9.367440e-01	-5.759212e-02
6.583539746243242e-03	9.366030e-01	-5.781677e-02
6.588422558743242e-03	9.363191e-01	-5.826598e-02
6.598188183743242e-03	9.357448e-01	-5.916402e-02
6.607953808743241e-03	9.351617e-01	-6.006155e-02
6.617719433743241e-03	9.345699e-01	-6.095855e-02
6.627485058743241e-03	9.339693e-01	-6.185501e-02
6.637250683743241e-03	9.333599e-01	-6.275094e-02
6.647016308743241e-03	9.327419e-01	-6.364631e-02
6.656781933743240e-03	9.321150e-01	-6.454111e-02
6.666547558743240e-03	9.314794e-01	-6.543536e-02
6.676313183743240e-03	9.308352e-01	-6.632902e-02
6.686078808743240e-03	9.301821e-01	-6.722210e-02
6.695844433743240e-03	9.295204e-01	-6.811459e-02
6.705610058743239e-03	9.288500e-01	-6.900647e-02
6.715375683743239e-03	9.281708e-01	-6.989773e-02
6.725141308743239e-03	9.274830e-01	-7.078837e-02
6.734906933743239e-03	9.267865e-01	-7.167838e-02
6.736127636868238e-03	9.266987e-01	-7.178953e-02
6.738569043118239e-03	9.265229e-01	-7.201191e-02
6.743451855618239e-03	9.261698e-01	-7.245655e-02
6.744672558743238e-03	9.260811e-01	-7.256763e-02
6.747113964993239e-03	9.259034e-01	-7.278987e-02
6.751996777493239e-03	9.255465e-01	-7.323423e-02
6.761762402493239e-03	9.248260e-01	-7.412247e-02
6.771528027493238e-03	9.240969e-01	-7.501004e-02
6.781293652493238e-03	9.233592e-01	-7.589694e-02
6.791059277493238e-03	9.226128e-01	-7.678317e-02
6.800824902493238e-03	9.218577e-01	-7.766869e-02
6.810590527493238e-03	9.210940e-01	-7.855353e-02
6.811811230618237e-03	9.209979e-01	-7.866401e-02
6.814252636868238e-03	9.208053e-01	-7.888509e-02
6.814862988430738e-03	9.207571e-01	-7.894034e-02
6.816083691555738e-03	9.206606e-01	-7.905085e-02
6.818525097805738e-03	9.204671e-01	-7.927185e-02
6.823407910305738e-03	9.200785e-01	-7.971372e-02
6.833173535305738e-03	9.192948e-01	-8.059690e-02
6.842939160305738e-03	9.185025e-01	-8.147936e-02
6.852704785305737e-03	9.177016e-01	-8.236109e-02
6.862470410305737e-03	9.168921e-01	-8.324207e-02
6.872236035305737e-03	9.160740e-01	-8.412230e-02
6.882001660305737e-03	9.152473e-01	-8.500177e-02
6.891767285305737e-03	9.144121e-01	-8.588048e-02
6.901532910305736e-03	9.135682e-01	-8.675840e-02
6.911298535305736e-03	9.127158e-01	-8.763553e-02
6.921064160305736e-03	9.118548e-01	-8.851187e-02
6.930829785305736e-03	9.109852e-01	-8.938741e-02
6.940595410305735e-03	9.101071e-01	-9.026213e-02
6.950361035305735e-03	9.092205e-01	-9.113604e-02
6.960126660305735e-03	9.083254e-01	-9.200912e-02
6.969892285305735e-03	9.074217e-01	-9.288135e-02
6.979657910305735e-03	9.065095e-01	-9.375274e-02
6.989423535305734e-03	9.055888e-01	-9.462328e-02
6.999189160305734e-03	9.046597e-01	-9.549296e-02
7.008954785305734e-03	9.037220e-01	-9.636175e-02
7.018720410305734e-03	9.027758e-01	-9.722968e-02
7.028486035305734e-03	9.018212e-01	-9.809671e-02
7.029706738430733e-03	9.017012e-01	-9.820496e-02
7.032148144680734e-03	9.014609e-01	-9.842155e-02
7.032758496243234e-03	9.014008e-01	-9.847567e-02
7.033979199368234e-03	9.012804e-01	-9.858394e-02
7.036420605618234e-03	9.010392e-01	-9.880044e-02
7.041303418118234e-03	9.005553e-01	-9.923325e-02
7.051069043118234e-03	8.995812e-01	-1.000982e-01
7.060834668118234e-03	8.985985e-01	-1.009622e-01
7.070600293118233e-03	8.976075e-01	-1.018253e-01
7.080365918118233e-03	8.966080e-01	-1.026875e-01
7.090131543118233e-03	8.956001e-01	-1.035487e-01
7.091352246243233e-03	8.954735e-01	-1.036563e-01
7.093793652493233e-03	8.952199e-01	-1.038714e-01
7.098676464993233e-03	8.947113e-01	-1.043015e-01
7.108442089993233e-03	8.936876e-01	-1.051609e-01
7.118207714993233e-03	8.926556e-01	-1.060194e-01
7.127973339993232e-03	8.916152e-01	-1.068769e-01
7.129194043118232e-03	8.914845e-01	-1.069840e-01
7.131635449368233e-03	8.912228e-01	-1.071981e-01
7.136518261868233e-03	8.906979e-01	-1.076263e-01
7.146283886868232e-03	8.896418e-01	-1.084820e-01
7.156049511868232e-03	8.885774e-01	-1.093367e-01
7.165815136868232e-03	8.875046e-01	-1.101903e-01
7.175580761868232e-03	8.864235e-01	-1.110430e-01
7.185346386868231e-03	8.853341e-01	-1.118946e-01
7.195112011868231e-03	8.842363e-01	-1.127452e-01
7.204877636868231e-03	8.831303e-01	-1.135947e-01
7.214643261868231e-03	8.820160e-01	-1.144432e-01
7.224408886868231e-03	8.808933e-01	-1.152907e-01
7.234174511868230e-03	8.797625e-01	-1.161371e-01
7.243940136868230e-03	8.786234e-01	-1.169824e-01
7.253705761868230e-03	8.774760e-01	-1.178266e-01
7.263471386868230e-03	8.763204e-01	-1.186697e-01
7.273237011868230e-03	8.751565e-01	-1.195118e-01
7.274457714993229e-03	8.750104e-01	-1.196169e-01
7.276899121243230e-03	8.747179e-01	-1.198272e-01
7.281781933743230e-03	8.741313e-01	-1.202476e-01
7.291547558743229e-03	8.729520e-01	-1.210876e-01
7.301313183743229e-03	8.717646e-01	-1.219264e-01
7.302533886868229e-03	8.716155e-01	-1.220312e-01
7.304975293118229e-03	8.713171e-01	-1.222407e-01
7.309858105618229e-03	8.707188e-01	-1.226595e-01
7.311078808743229e-03	8.705689e-01	-1.227640e-01
7.313520214993229e-03	8.702687e-01	-1.229733e-01
7.318403027493229e-03	8.696668e-01	-1.233916e-01
7.328168652493229e-03	8.684568e-01	-1.242273e-01
7.329389355618229e-03	8.683050e-01	-1.243316e-01
7.331830761868229e-03	8.680010e-01	-1.245404e-01
7.336713574368229e-03	8.673914e-01	-1.249576e-01
7.346479199368229e-03	8.661662e-01	-1.257912e-01
7.356244824368229e-03	8.649329e-01	-1.266236e-01
7.366010449368228e-03	8.636914e-01	-1.274548e-01
7.375776074368228e-03	8.624418e-01	-1.282848e-01
7.385541699368228e-03	8.611842e-01	-1.291137e-01
7.395307324368228e-03	8.599184e-01	-1.299414e-01
7.405072949368228e-03	8.586446e-01	-1.307679e-01
7.414838574368227e-03	8.573627e-01	-1.315931e-01
7.424604199368227e-03	8.560727e-01	-1.324171e-01
7.434369824368227e-03	8.547748e-01	-1.332399e-01
7.444135449368227e-03	8.534687e-01	-1.340615e-01
7.453901074368227e-03	8.521547e-01	-1.348818e-01
7.463666699368226e-03	8.508326e-01	-1.357009e-01
7.473432324368226e-03	8.495026e-01	-1.365187e-01
7.483197949368226e-03	8.481646e-01	-1.373352e-01
7.492963574368226e-03	8.468186e-01	-1.381505e-01
7.502729199368226e-03	8.454647e-01	-1.389645e-01
7.512494824368225e-03	8.441028e-01	-1.397772e-01
7.522260449368225e-03	8.427331e-01	-1.405886e-01
7.532026074368225e-03	8.413554e-01	-1.413986e-01
7.541791699368225e-03	8.399698e-01	-1.422074e-01
7.551557324368225e-03	8.385762e-01	-1.430148e-01
7.552778027493224e-03	8.384014e-01	-1.431156e-01
7.555219433743225e-03	8.380516e-01	-1.433172e-01
7.560102246243225e-03	8.373504e-01	-1.437202e-01
7.569867871243224e-03	8.359421e-01	-1.445252e-01
7.579633496243224e-03	8.345260e-01	-1.453288e-01
7.580854199368224e-03	8.343484e-01	-1.454290e-01
7.583295605618224e-03	8.339929e-01	-1.456297e-01
7.588178418118224e-03	8.332804e-01	-1.460307e-01
7.597944043118224e-03	8.318496e-01	-1.468318e-01
7.607709668118224e-03	8.304109e-01	-1.476315e-01
7.617475293118224e-03	8.289645e-01	-1.484298e-01
7.627240918118223e-03	8.275103e-01	-1.492267e-01
7.637006543118223e-03	8.260484e-01	-1.500223e-01
7.646772168118223e-03	8.245786e-01	-1.508164e-01
7.656537793118223e-03	8.231011e-01	-1.516092e-01
7.666303418118223e-03	8.216159e-01	-1.524005e-01
7.676069043118222e-03	8.201230e-01	-1.531904e-01
7.685834668118222e-03	8.186223e-01	-1.539789e-01
7.695600293118222e-03	8.171140e-01	-1.547659e-01
7.705365918118222e-03	8.155979e-01	-1.555515e-01
7.715131543118221e-03	8.140743e-01	-1.563357e-01
7.724897168118221e-03	8.125429e-01	-1.571184e-01
7.734662793118221e-03	8.110040e-01	-1.578996e-01
7.744428418118221e-03	8.094574e-01	-1.586793e-01
7.754194043118221e-03	8.079032e-01	-1.594576e-01
7.755414746243220e-03	8.077083e-01	-1.595547e-01
7.757856152493221e-03	8.073183e-01	-1.597490e-01
7.762738964993221e-03	8.065370e-01	-1.601373e-01
7.772504589993220e-03	8.049685e-01	-1.609128e-01
7.782270214993220e-03	8.033926e-01	-1.616868e-01
7.792035839993220e-03	8.018091e-01	-1.624592e-01
7.801801464993220e-03	8.002180e-01	-1.632302e-01
7.811567089993220e-03	7.986194e-01	-1.639996e-01
7.812787793118220e-03	7.984190e-01	-1.640956e-01
7.815229199368220e-03	7.980179e-01	-1.642877e-01
7.820112011868221e-03	7.972144e-01	-1.646715e-01
7.829877636868220e-03	7.956018e-01	-1.654381e-01
7.839643261868220e-03	7.939817e-01	-1.662031e-01
7.849408886868220e-03	7.923541e-01	-1.669665e-01
7.859174511868220e-03	7.907191e-01	-1.677284e-01
7.868940136868219e-03	7.890766e-01	-1.684887e-01
7.878705761868219e-03	7.874268e-01	-1.692475e-01
7.888471386868219e-03	7.857695e-01	-1.700046e-01
7.898237011868219e-03	7.841048e-01	-1.707602e-01
7.908002636868219e-03	7.824328e-01	-1.715142e-01
7.917768261868218e-03	7.807534e-01	-1.722666e-01
7.927533886868218e-03	7.790667e-01	-1.730173e-01
7.937299511868218e-03	7.773727e-01	-1.737665e-01
7.947065136868218e-03	7.756713e-01	-1.745140e-01
7.956830761868218e-03	7.739627e-01	-1.752599e-01
7.966596386868217e-03	7.722468e-01	-1.760042e-01
7.976362011868217e-03	7.705236e-01	-1.767468e-01
7.986127636868217e-03	7.687932e-01	-1.774877e-01
7.995893261868217e-03	7.670555e-01	-1.782270e-01
8.005658886868217e-03	7.653107e-01	-1.789646e-01
8.015424511868216e-03	7.635586e-01	-1.797006e-01
8.025190136868216e-03	7.617994e-01	-1.804348e-01
8.034955761868216e-03	7.600331e-01	-1.811674e-01
8.044721386868216e-03	7.582595e-01	-1.818983e-01
8.054487011868216e-03	7.564788e-01	-1.826275e-01
8.055707714993216e-03	7.562557e-01	-1.827185e-01
8.058149121243216e-03	7.558092e-01	-1.829004e-01
8.063031933743216e-03	7.549149e-01	-1.832641e-01
8.072797558743216e-03	7.531209e-01	-1.839900e-01
8.082563183743216e-03	7.513199e-01	-1.847143e-01
8.092328808743216e-03	7.495118e-01	-1.854368e-01
8.102094433743216e-03	7.476966e-01	-1.861576e-01
8.111860058743215e-03	7.458745e-01	-1.868766e-01
8.121625683743215e-03	7.440453e-01	-1.875939e-01
8.131391308743215e-03	7.422091e-01	-1.883094e-01
8.141156933743215e-03	7.403659e-01	-1.890232e-01
8.150922558743215e-03	7.385157e-01	-1.897352e-01
8.160688183743214e-03	7.366587e-01	-1.904454e-01
8.170453808743214e-03	7.347947e-01	-1.911539e-01
8.180219433743214e-03	7.329238e-01	-1.918605e-01
8.189985058743214e-03	7.310460e-01	-1.925654e-01
8.199750683743214e-03	7.291613e-01	-1.932684e-01
8.209516308743213e-03	7.272698e-01	-1.939696e-01
8.219281933743213e-03	7.253714e-01	-1.946691e-01
8.229047558743213e-03	7.234663e-01	-1.953666e-01
8.238813183743213e-03	7.215543e-01	-1.960624e-01
8.248578808743212e-03	7.196355e-01	-1.967563e-01
8.258344433743212e-03	7.177100e-01	-1.974484e-01
8.268110058743212e-03	7.157777e-01	-1.981386e-01
8.277875683743212e-03	7.138387e-01	-1.988270e-01
8.287641308743212e-03	7.118930e-01	-1.995135e-01
8.297406933743211e-03	7.099406e-01	-2.001981e-01
8.307172558743211e-03	7.079815e-01	-2.008809e-01
8.316938183743211e-03	7.060158e-01	-2.015618e-01
8.326703808743211e-03	7.040434e-01	-2.022408e-01
8.327924511868211e-03	7.037963e-01	-2.023254e-01
8.330365918118211e-03	7.033020e-01	-2.024948e-01
8.335248730618212e-03	7.023121e-01	-2.028333e-01
8.345014355618212e-03	7.003273e-01	-2.035087e-01
8.354779980618211e-03	6.983359e-01	-2.041822e-01
8.364545605618211e-03	6.963380e-01	-2.048538e-01
8.374311230618211e-03	6.943335e-01	-2.055235e-01
8.384076855618211e-03	6.923225e-01	-2.061912e-01
8.393842480618210e-03	6.903050e-01	-2.068571e-01
8.403608105618210e-03	6.882810e-01	-2.075209e-01
8.413373730618210e-03	6.862505e-01	-2.081829e-01
8.423139355618210e-03	6.842136e-01	-2.088429e-01
8.432904980618210e-03	6.821702e-01	-2.095009e-01
8.442670605618209e-03	6.801205e-01	-2.101569e-01
8.452436230618209e-03	6.780643e-01	-2.108110e-01
8.462201855618209e-03	6.760017e-01	-2.114631e-01
8.471967480618209e-03	6.739328e-01	-2.121132e-01
8.481733105618209e-03	6.718576e-01	-2.127614e-01
8.491498730618208e-03	6.697760e-01	-2.134075e-01
8.501264355618208e-03	6.676882e-01	-2.140516e-01
8.511029980618208e-03	6.655940e-01	-2.146938e-01
8.520795605618208e-03	6.634937e-01	-2.153339e-01
8.530561230618208e-03	6.613870e-01	-2.159720e-01
8.540326855618207e-03	6.592742e-01	-2.166080e-01
8.550092480618207e-03	6.571551e-01	-2.172420e-01
8.559858105618207e-03	6.550299e-01	-2.178740e-01
8.569623730618207e-03	6.528985e-01	-2.185040e-01
8.579389355618207e-03	6.507609e-01	-2.191319e-01
8.589154980618206e-03	6.486173e-01	-2.197577e-01
8.598920605618206e-03	6.464676e-01	-2.203815e-01
8.608686230618206e-03	6.443117e-01	-2.210032e-01
8.618451855618206e-03	6.421499e-01	-2.216228e-01
8.628217480618205e-03	6.399819e-01	-2.222404e-01
8.637983105618205e-03	6.378080e-01	-2.228558e-01
8.647748730618205e-03	6.356280e-01	-2.234692e-01
8.657514355618205e-03	6.334421e-01	-2.240804e-01
8.658735058743205e-03	6.331684e-01	-2.241567e-01
8.661176464993205e-03	6.326208e-01	-2.243091e-01
8.666059277493206e-03	6.315245e-01	-2.246135e-01
8.675824902493206e-03	6.293274e-01	-2.252209e-01
8.685590527493205e-03	6.271244e-01	-2.258261e-01
8.695356152493205e-03	6.249155e-01	-2.264292e-01
8.705121777493205e-03	6.227008e-01	-2.270301e-01
8.714887402493205e-03	6.204801e-01	-2.276290e-01
8.724653027493205e-03	6.182537e-01	-2.282256e-01
8.734418652493204e-03	6.160214e-01	-2.288202e-01
8.744184277493204e-03	6.137834e-01	-2.294126e-01
8.753949902493204e-03	6.115395e-01	-2.300028e-01
8.763715527493204e-03	6.092899e-01	-2.305909e-01
8.773481152493203e-03	6.070346e-01	-2.311768e-01
8.783246777493203e-03	6.047736e-01	-2.317606e-01
8.793012402493203e-03	6.025069e-01	-2.323421e-01
8.802778027493203e-03	6.002345e-01	-2.329215e-01
8.812543652493203e-03	5.979564e-01	-2.334987e-01
8.822309277493202e-03	5.956728e-01	-2.340737e-01
8.823529980618203e-03	5.953869e-01	-2.341454e-01
8.825971386868203e-03	5.948150e-01	-2.342888e-01
8.830854199368203e-03	5.936700e-01	-2.345750e-01
8.840619824368203e-03	5.913759e-01	-2.351459e-01
8.850385449368203e-03	5.890761e-01	-2.357146e-01
8.860151074368203e-03	5.867709e-01	-2.362810e-01
8.869916699368202e-03	5.844601e-01	-2.368453e-01
8.871137402493203e-03	5.841709e-01	-2.369156e-01
8.873578808743203e-03	5.835921e-01	-2.370562e-01
8.878461621243203e-03	5.824337e-01	-2.373371e-01
8.888227246243203e-03	5.801126e-01	-2.378972e-01
8.897992871243203e-03	5.777861e-01	-2.384550e-01
8.907758496243203e-03	5.754542e-01	-2.390106e-01
8.917524121243203e-03	5.731168e-01	-2.395639e-01
8.927289746243202e-03	5.707741e-01	-2.401150e-01
8.937055371243202e-03	5.684260e-01	-2.406638e-01
8.946820996243202e-03	5.660725e-01	-2.412104e-01
8.956586621243202e-03	5.637138e-01	-2.417547e-01
8.966352246243202e-03	5.613497e-01	-2.422967e-01
8.976117871243201e-03	5.589803e-01	-2.428365e-01
8.985883496243201e-03	5.566057e-01	-2.433740e-01
8.995649121243201e-03	5.542258e-01	-2.439092e-01
9.005414746243201e-03	5.518407e-01	-2.444421e-01
9.015180371243200e-03	5.494505e-01	-2.449726e-01
9.024945996243200e-03	5.470551e-01	-2.455009e-01
9.034711621243200e-03	5.446545e-01	-2.460269e-01
9.035932324368201e-03	5.443541e-01	-2.460925e-01
9.038373730618200e-03	5.437529e-01	-2.462235e-01
9.043256543118201e-03	5.425498e-01	-2.464852e-01
9.053022168118201e-03	5.401396e-01	-2.470069e-01
9.062787793118201e-03	5.377244e-01	-2.475262e-01
9.072553418118200e-03	5.353041e-01	-2.480432e-01
9.082319043118200e-03	5.328787e-01	-2.485579e-01
9.092084668118200e-03	5.304484e-01	-2.490702e-01
9.101850293118200e-03	5.280131e-01	-2.495802e-01
9.111615918118200e-03	5.255728e-01	-2.500879e-01
9.121381543118199e-03	5.231275e-01	-2.505932e-01
9.131147168118199e-03	5.206774e-01	-2.510961e-01
9.140912793118199e-03	5.182223e-01	-2.515967e-01
9.150678418118199e-03	5.157624e-01	-2.520949e-01
9.160444043118198e-03	5.132976e-01	-2.525907e-01
9.170209668118198e-03	5.108280e-01	-2.530842e-01
9.179975293118198e-03	5.083535e-01	-2.535753e-01
9.189740918118198e-03	5.058743e-01	-2.540640e-01
9.199506543118198e-03	5.033904e-01	-2.545503e-01
9.209272168118197e-03	5.009017e-01	-2.550343e-01
9.219037793118197e-03	4.984083e-01	-2.555158e-01
9.228803418118197e-03	4.959102e-01	-2.559949e-01
9.238569043118197e-03	4.934074e-01	-2.564716e-01
9.248334668118197e-03	4.909000e-01	-2.569459e-01
9.258100293118196e-03	4.883880e-01	-2.574178e-01
9.267865918118196e-03	4.858714e-01	-2.578873e-01
9.277631543118196e-03	4.833502e-01	-2.583544e-01
9.287397168118196e-03	4.808244e-01	-2.588190e-01
9.297162793118196e-03	4.782942e-01	-2.592812e-01
9.306928418118195e-03	4.757594e-01	-2.597409e-01
9.316694043118195e-03	4.732202e-01	-2.601982e-01
9.326459668118195e-03	4.706765e-01	-2.606531e-01
9.336225293118195e-03	4.681284e-01	-2.611055e-01
9.345990918118195e-03	4.655759e-01	-2.615555e-01
9.355756543118194e-03	4.630190e-01	-2.620030e-01
9.365522168118194e-03	4.604578e-01	-2.624480e-01
9.375287793118194e-03	4.578922e-01	-2.628905e-01
9.385053418118194e-03	4.553223e-01	-2.633306e-01
9.394819043118193e-03	4.527481e-01	-2.637683e-01
9.404584668118193e-03	4.501697e-01	-2.642034e-01
9.414350293118193e-03	4.475870e-01	-2.646361e-01
9.424115918118193e-03	4.450002e-01	-2.650662e-01
9.433881543118193e-03	4.424091e-01	-2.654939e-01
9.443647168118192e-03	4.398139e-01	-2.659191e-01
9.453412793118192e-03	4.372145e-01	-2.663417e-01
9.463178418118192e-03	4.346111e-01	-2.667619e-01
9.472944043118192e-03	4.320035e-01	-2.671796e-01
9.482709668118192e-03	4.293919e-01	-2.675947e-01
9.492475293118191e-03	4.267762e-01	-2.680074e-01
9.493695996243192e-03	4.264490e-01	-2.680587e-01
9.496137402493192e-03	4.257943e-01	-2.681614e-01
9.501020214993192e-03	4.244842e-01	-2.683663e-01
9.510785839993192e-03	4.218610e-01	-2.687742e-01
9.520551464993192e-03	4.192339e-01	-2.691796e-01
9.530317089993192e-03	4.166028e-01	-2.695824e-01
9.540082714993191e-03	4.139678e-01	-2.699828e-01
9.549848339993191e-03	4.113289e-01	-2.703805e-01
9.559613964993191e-03	4.086862e-01	-2.707757e-01
9.569379589993191e-03	4.060395e-01	-2.711684e-01
9.579145214993191e-03	4.033891e-01	-2.715585e-01
9.588910839993190e-03	4.007349e-01	-2.719461e-01
9.598676464993190e-03	3.980769e-01	-2.723311e-01
9.608442089993190e-03	3.954152e-01	-2.727136e-01
9.618207714993190e-03	3.927497e-01	-2.730935e-01
9.627973339993190e-03	3.900805e-01	-2.734708e-01
9.637738964993189e-03	3.874077e-01	-2.738456e-01
9.647504589993189e-03	3.847313e-01	-2.742178e-01
9.657270214993189e-03	3.820512e-01	-2.745874e-01
9.667035839993189e-03	3.793675e-01	-2.749544e-01
9.676801464993189e-03	3.766802e-01	-2.753188e-01
9.686567089993188e-03	3.739894e-01	-2.756806e-01
9.696332714993188e-03	3.712951e-01	-2.760399e-01
9.706098339993188e-03	3.685973e-01	-2.763965e-01
9.715863964993188e-03	3.658960e-01	-2.767506e-01
9.725629589993188e-03	3.631913e-01	-2.771020e-01
9.735395214993187e-03	3.604832e-01	-2.774509e-01
9.745160839993187e-03	3.577717e-01	-2.777971e-01
9.754926464993187e-03	3.550568e-01	-2.781407e-01
9.764692089993187e-03	3.523386e-01	-2.784817e-01
9.774457714993186e-03	3.496170e-01	-2.788201e-01
9.784223339993186e-03	3.468922e-01	-2.791559e-01
9.793988964993186e-03	3.441641e-01	-2.794890e-01
9.803754589993186e-03	3.414328e-01	-2.798195e-01
9.813520214993186e-03	3.386982e-01	-2.801474e-01
9.823285839993185e-03	3.359605e-01	-2.804726e-01
9.833051464993185e-03	3.332196e-01	-2.807952e-01
9.842817089993185e-03	3.304756e-01	-2.811152e-01
9.852582714993185e-03	3.277284e-01	-2.814325e-01
9.862348339993185e-03	3.249782e-01	-2.817472e-01
9.872113964993184e-03	3.222249e-01	-2.820592e-01
9.881879589993184e-03	3.194686e-01	-2.823685e-01
9.891645214993184e-03	3.167093e-01	-2.826752e-01
9.901410839993184e-03	3.139470e-01	-2.829793e-01
9.911176464993184e-03	3.111818e-01	-2.832807e-01
9.920942089993183e-03	3.084136e-01	-2.835794e-01
9.930707714993183e-03	3.056425e-01	-2.838754e-01
9.940473339993183e-03	3.028686e-01	-2.841688e-01
9.950238964993183e-03	3.000918e-01	-2.844595e-01
9.960004589993183e-03	2.973121e-01	-2.847475e-01
9.969770214993182e-03	2.945297e-01	-2.850329e-01
9.979535839993182e-03	2.917445e-01	-2.853156e-01
9.989301464993182e-03	2.889566e-01	-2.855956e-01
9.990522168118183e-03	2.886079e-01	-2.856304e-01
9.992963574368182e-03	2.879104e-01	-2.856998e-01
9.997846386868183e-03	2.865149e-01	-2.858383e-01
1.000000000000000e-02	2.858992e-01	-2.858992e-01
